zip,year,annual_fire_risk_score
93453,2023,13.517478035316326
93461,2023,13.197055245969016
93446,2023,9.303648636307365
93210,2023,8.99215620377862
96130,2023,7.30784191793464
93001,2023,6.7118282026974745
93426,2023,6.598735778743561
93280,2023,6.311140278935596
96064,2023,6.275060617086743
93432,2023,6.1261469604669205
93454,2023,6.066508439922352
96097,2023,6.05355585565457
96032,2023,5.912408018478148
93455,2023,5.899869923468494
93465,2023,5.887986347358155
93452,2023,5.748970029105448
93527,2023,5.740597658355571
96047,2023,5.517769868863358
93240,2023,5.4336682445168485
93204,2023,5.3359768708338455
93243,2023,5.317476174839592
93308,2023,5.298472624983769
96007,2023,5.267681856160024
93450,2023,5.148591549021958
93428,2023,5.12296410453987
96117,2023,5.117371411381011
93249,2023,5.112266957805125
93440,2023,5.069909153666499
93930,2023,5.05763121018077
93420,2023,4.982617068521192
93203,2023,4.9722523464212305
93451,2023,4.9629435277089575
91384,2023,4.871684993005982
93422,2023,4.804324756565422
96109,2023,4.802774029777722
93427,2023,4.782697734700459
93920,2023,4.675720752354455
93063,2023,4.667735489798805
93518,2023,4.6597176984808275
93040,2023,4.567641443564004
93457,2023,4.565231594349361
93456,2023,4.565231594349361
91390,2023,4.560796736594618
93444,2023,4.552348605465321
93252,2023,4.531152176699548
95747,2023,4.511198824612271
93430,2023,4.498798547934935
93405,2023,4.4930065203796055
93932,2023,4.486209870286666
96022,2023,4.4757321034249085
93447,2023,4.461724005637228
93410,2023,4.451743761851271
93463,2023,4.437863689182551
93435,2023,4.404733834276666
93265,2023,4.401857239158909
93436,2023,4.379652381518572
93423,2023,4.356740672900124
96123,2023,4.297044843203318
93306,2023,4.296467809433334
93928,2023,4.293213036361073
96051,2023,4.289033446330197
93438,2023,4.288681011773077
96080,2023,4.282929099492191
95423,2023,4.277386071682705
93954,2023,4.251317100545669
93220,2023,4.131746431321651
96014,2023,4.124613743062819
93442,2023,4.058910485176455
93443,2023,4.058910485176455
93222,2023,4.035489373590089
93060,2023,4.019770878759733
93061,2023,4.019770878759733
93205,2023,4.016265345305209
93561,2023,4.003972388596084
93581,2023,3.9990386282978596
91310,2023,3.988993233582227
96076,2023,3.9662267555057205
95966,2023,3.96309334163942
96105,2023,3.9250736934607664
93225,2023,3.90678384188781
95648,2023,3.889653186898798
93015,2023,3.883364576771538
93016,2023,3.8824639233774714
93960,2023,3.872086798174542
91917,2023,3.866858046743841
93312,2023,3.863700427164912
94558,2023,3.8626852413720028
96091,2023,3.8541096582205694
93239,2023,3.8429307701480733
93531,2023,3.8336003445416242
93464,2023,3.8147360443519815
93441,2023,3.8147360443519815
93287,2023,3.808650395870994
93206,2023,3.8041186352783307
96127,2023,3.8015042918861357
93460,2023,3.7775493407500687
95453,2023,3.761636392673764
93263,2023,3.732376446403653
96024,2023,3.7222417276157724
95043,2023,3.7006498146899327
96121,2023,3.6880959268530176
96136,2023,3.6774192384705215
96001,2023,3.588929931212009
93283,2023,3.5884090862140368
93268,2023,3.558545232065152
96101,2023,3.5462811998803008
93271,2023,3.5445957357511833
93924,2023,3.5410055496927315
91301,2023,3.538596337745862
91381,2023,3.494350259318816
95918,2023,3.4825810148261582
93401,2023,3.4711468792964197
93314,2023,3.4299812952535915
93024,2023,3.4158860481600977
93305,2023,3.407469400269673
96015,2023,3.405738181293388
93532,2023,3.3682515549764784
93301,2023,3.3627477861029225
93302,2023,3.3627477861029225
93384,2023,3.3627477861029225
90265,2023,3.360214576296584
96027,2023,3.357904943316089
93065,2023,3.3491232901078205
93634,2023,3.3451011460607103
93226,2023,3.3437097424314617
95023,2023,3.343030789388972
95901,2023,3.341273766971136
93667,2023,3.324665898247921
96050,2023,3.3236978547353297
93224,2023,3.3023229949589883
93254,2023,3.2977055261518333
96002,2023,3.2833524662499642
95965,2023,3.271036571590168
96061,2023,3.257368888411359
93449,2023,3.2571195407780444
93546,2023,3.2533991480691546
95979,2023,3.253210303089259
93009,2023,3.2441787986646893
93250,2023,3.237602867675318
93926,2023,3.228308023362643
93517,2023,3.2192249622933318
96062,2023,3.216695606678911
93406,2023,3.205254264302492
93408,2023,3.205254264302492
93407,2023,3.205254264302492
93403,2023,3.205254264302492
95448,2023,3.1739649874531835
91321,2023,3.16900889041709
93276,2023,3.128227613590032
96114,2023,3.1278686839581282
95457,2023,3.1223401465337433
93313,2023,3.098699986793537
96073,2023,3.095643215997134
95428,2023,3.0942780112101578
93023,2023,3.079447227735547
95954,2023,3.077095105638169
95977,2023,3.0737379143252745
96137,2023,3.060060369565915
93458,2023,3.0598551550661233
93643,2023,3.056226301960126
96038,2023,3.054284168039837
95389,2023,3.05134454097252
96074,2023,3.036564195176916
93424,2023,3.0312036712556085
93409,2023,3.029752691529471
96020,2023,3.0167487364196814
93285,2023,3.0066162093173725
95223,2023,3.003409605650181
93402,2023,2.9948937819083135
93412,2023,2.9948937819083135
93117,2023,2.985299147495692
96021,2023,2.979148430840979
96031,2023,2.978698444679628
95461,2023,2.9606890420479335
93602,2023,2.956124190064245
96044,2023,2.954073307579716
95305,2023,2.9496000676378835
93536,2023,2.9480580426216734
96128,2023,2.938485224327212
95983,2023,2.9382118073503998
93657,2023,2.933809463166932
96103,2023,2.921343622425924
93641,2023,2.9177736927177946
95607,2023,2.9157311450829995
96034,2023,2.9143254200472675
93241,2023,2.90793651938561
96033,2023,2.9055932626550285
96039,2023,2.902966577124908
96065,2023,2.9024191218454183
93257,2023,2.8870814350712117
95485,2023,2.881879376193376
95934,2023,2.8774026823879923
96107,2023,2.8590922561074406
96094,2023,2.856031368154509
95458,2023,2.853985469464954
96013,2023,2.848922644025316
93429,2023,2.8456344009278354
93434,2023,2.8423835019098904
96029,2023,2.836946479042475
93267,2023,2.83681545135344
93927,2023,2.836427620069565
92676,2023,2.8333961240323324
93309,2023,2.8300274617649244
95726,2023,2.8126061788837955
96059,2023,2.808455793664425
96040,2023,2.8083931471931236
96056,2023,2.796035680274989
93448,2023,2.7907704447210953
93475,2023,2.7907704447210953
93421,2023,2.7907704447210953
93445,2023,2.7907704447210953
93433,2023,2.7907704447210953
93483,2023,2.7907704447210953
95426,2023,2.7843874660635257
95338,2023,2.778551678140762
93258,2023,2.772906277096433
95903,2023,2.7685533932285775
95947,2023,2.765600455341492
92539,2023,2.7648420868711647
96110,2023,2.764001008895047
93255,2023,2.7561577095237024
93261,2023,2.7543127581965337
96025,2023,2.7518874620126335
93311,2023,2.7485725592128327
93218,2023,2.7452755555622925
93260,2023,2.743837529483649
93541,2023,2.738896337171664
95318,2023,2.737928979285966
95984,2023,2.730433227964366
95527,2023,2.7301939578267023
91302,2023,2.7251350661687557
96088,2023,2.7167468303033964
96057,2023,2.7149445578683538
93003,2023,2.7103407849377246
95311,2023,2.7068658942488315
93270,2023,2.7044972713706272
93108,2023,2.704252436751877
93111,2023,2.6977963411037154
93304,2023,2.6929326557793725
95441,2023,2.6905893249391015
96067,2023,2.689962412521016
96010,2023,2.6895765422958204
93529,2023,2.689553872457113
93675,2023,2.6820066656985055
93014,2023,2.681178335951583
93654,2023,2.675422873688839
95546,2023,2.6681348449630224
96087,2023,2.666633196272536
96122,2023,2.6567704410372306
93307,2023,2.6549734918741383
93215,2023,2.6532254650745646
93105,2023,2.652811669244408
93110,2023,2.652811669244408
96052,2023,2.6458631043428973
93282,2023,2.6429680777590603
92065,2023,2.6392981388345964
96126,2023,2.6389116528237095
93246,2023,2.6258731367821233
93207,2023,2.6167484508938768
91901,2023,2.6167460307406345
95422,2023,2.612369642411128
96132,2023,2.6095594005612117
96119,2023,2.6095594005612117
93437,2023,2.6093116983390243
93256,2023,2.608002634981762
95321,2023,2.6072493891892403
93272,2023,2.599135727966158
96085,2023,2.59566280404965
95668,2023,2.593839716764193
92307,2023,2.5919973699031944
96095,2023,2.591470071614718
95971,2023,2.579761844480463
95435,2023,2.5757684669412373
93022,2023,2.5733838664338244
93118,2023,2.5702145722202374
93116,2023,2.5702145722202374
93106,2023,2.5702145722202374
95720,2023,2.563606403996096
92019,2023,2.5457834272575375
93604,2023,2.5421881033972267
96063,2023,2.537338791769227
93064,2023,2.536933334534965
96028,2023,2.5336012643733876
95329,2023,2.5322838515927817
92544,2023,2.528393769575997
95424,2023,2.5254436661074706
96048,2023,2.525195688628771
95606,2023,2.5227077186831988
93510,2023,2.518346241520116
95956,2023,2.5173954532872647
93603,2023,2.516916491677787
93633,2023,2.5082092536078293
96017,2023,2.5078291450988655
93238,2023,2.5029459137125487
95425,2023,2.4995943139838848
95915,2023,2.4988342772155265
96135,2023,2.4933613952952216
95451,2023,2.4908768048813372
93605,2023,2.4899416512377104
93664,2023,2.48818765543365
95347,2023,2.483156336066267
93020,2023,2.4817411673842202
96089,2023,2.481498767932707
95916,2023,2.4799153268231997
94574,2023,2.4759309840769204
93219,2023,2.47265182435425
93216,2023,2.4715785819623437
95939,2023,2.468753709394709
96084,2023,2.467620009479492
92583,2023,2.4563149755194726
95595,2023,2.4556430004745
95637,2023,2.4547338945057455
95467,2023,2.4532186651707284
96003,2023,2.4525789804712614
95923,2023,2.451771099627298
95372,2023,2.450198967753243
95482,2023,2.4448942725386837
95972,2023,2.437283442621264
91915,2023,2.43599834790147
93212,2023,2.435462742136256
96090,2023,2.4332586934418337
95681,2023,2.4305750600632767
96075,2023,2.418217011509802
95224,2023,2.411050758109817
95563,2023,2.4099266394351564
95980,2023,2.404706013436622
93201,2023,2.400128658046713
93651,2023,2.397476546991109
95552,2023,2.3931814481140843
93251,2023,2.3924232346374854
93621,2023,2.390808389886942
96133,2023,2.3890327702577663
93208,2023,2.3859299273807806
93244,2023,2.382574204210219
96006,2023,2.3798202084123155
95335,2023,2.3767729199237713
92672,2023,2.375083408779381
95981,2023,2.367847789231503
95942,2023,2.3676675768856525
94954,2023,2.367583863486536
91355,2023,2.3586000450328255
96041,2023,2.354353559099509
93628,2023,2.3540508253523034
96009,2023,2.350467740864265
93551,2023,2.3496593962918433
92536,2023,2.3495309791338985
93107,2023,2.3488477181083587
96108,2023,2.345744077487118
93555,2023,2.3456539797311646
93556,2023,2.3456539797311646
96037,2023,2.345059903505558
93262,2023,2.3447779727741698
93618,2023,2.3423859131025004
93013,2023,2.3388878317747444
96054,2023,2.3360188321043935
95987,2023,2.3304851735086696
96068,2023,2.3254583777902185
91935,2023,2.323474611202226
95345,2023,2.3195326768106543
93387,2023,2.3163152376262914
93303,2023,2.3163152376262914
93380,2023,2.3163152376262914
93390,2023,2.3163152376262914
93389,2023,2.3163152376262914
93383,2023,2.3163152376262914
93385,2023,2.3163152376262914
93388,2023,2.3163152376262914
93386,2023,2.3163152376262914
91385,2023,2.3149362093226946
95988,2023,2.3127548975524697
92086,2023,2.3054093990660784
92561,2023,2.3031932483593343
96120,2023,2.302334833526219
93542,2023,2.296921714092184
95936,2023,2.292549993268095
92061,2023,2.2911914544767376
95379,2023,2.286891203161112
95233,2023,2.2865353738462275
95978,2023,2.279795802349784
95443,2023,2.2792885429631173
95709,2023,2.278275406070658
95614,2023,2.2672215699628273
96035,2023,2.2587603542737584
93648,2023,2.257302208886983
95370,2023,2.256644051651694
95373,2023,2.256644051651694
95944,2023,2.251342004714608
96046,2023,2.248849865174564
91380,2023,2.243181230914188
91383,2023,2.243181230914188
91382,2023,2.243181230914188
91322,2023,2.243181230914188
92407,2023,2.238705030088002
93646,2023,2.234800658098357
96055,2023,2.2347040107226044
92549,2023,2.2314730919410892
91377,2023,2.2304384809035884
95364,2023,2.2299668039669442
95963,2023,2.217807313440972
96071,2023,2.213740043512495
93608,2023,2.2107710914786076
91354,2023,2.200945092225004
95375,2023,2.1960728552988056
95841,2023,2.1957717038995472
92021,2023,2.1952060091222703
95724,2023,2.1942503758037333
96078,2023,2.1911716463610045
93647,2023,2.1874963916585797
95369,2023,2.1820715784463447
95679,2023,2.17974938512089
96116,2023,2.1797010368735044
95692,2023,2.1762111047213133
92040,2023,2.176105999734382
95309,2023,2.1736412224576296
95664,2023,2.171350618991661
93021,2023,2.1594937806843273
93501,2023,2.1586836358214003
93560,2023,2.154740755155664
91392,2023,2.1514161880541183
96093,2023,2.1409595283233016
95765,2023,2.1367160719573515
91903,2023,2.1355670795319592
92339,2023,2.1346610611144032
95967,2023,2.134278924110674
94567,2023,2.129072109029971
95959,2023,2.1289455891984383
93673,2023,2.128429491007254
96118,2023,2.127124758505673
95728,2023,2.125625087925923
93512,2023,2.124802065548599
93514,2023,2.1244117619236778
93237,2023,2.1234510253984213
93286,2023,2.1209402797036208
95667,2023,2.1199073899586245
93649,2023,2.117455840227434
96016,2023,2.111746410611865
95715,2023,2.1114600515078936
95927,2023,2.1030410463271267
95910,2023,2.099387467519503
93502,2023,2.0965413557814836
95327,2023,2.095397835624452
92060,2023,2.094385841606776
95493,2023,2.08883954465361
96134,2023,2.086072705697131
91350,2023,2.0855913129594494
95573,2023,2.0800842664230896
95310,2023,2.0747991217724033
95955,2023,2.074111632323503
93109,2023,2.070984902693115
95930,2023,2.0709297861531146
95626,2023,2.0696810065468365
92282,2023,2.0694075210328733
95672,2023,2.068754750143234
95383,2023,2.0679744914819786
94508,2023,2.061072067557854
96099,2023,2.0457849462846287
95075,2023,2.0340645429051634
95746,2023,2.0312317725267484
95982,2023,2.0270966709162415
96023,2023,2.0221501684717484
93670,2023,2.021487027229589
94573,2023,2.020698696767257
93562,2023,2.019590132918613
95251,2023,2.0139650026066125
95464,2023,2.0127370699706106
96113,2023,2.0121697314141276
94999,2023,2.0115224154806346
96124,2023,2.0113610969333577
95974,2023,2.0106519150516577
93067,2023,2.01026398047152
93103,2023,2.01026398047152
96070,2023,2.0074483664441876
95969,2023,2.0068233797895996
95682,2023,2.0062703276952685
95487,2023,2.003216081758041
93592,2023,2.002694781597238
95922,2023,2.002364453017763
95229,2023,1.9990369960456225
93631,2023,1.9981241545177988
91906,2023,1.9979601301413752
95346,2023,1.9954067595709555
95481,2023,1.992795532296863
95958,2023,1.992384466354856
95247,2023,1.9906605075295571
93504,2023,1.9861133109209317
95913,2023,1.985996837157741
95678,2023,1.9850509814411548
95914,2023,1.9845553774196973
91360,2023,1.9845222171815238
95433,2023,1.984120876018911
92346,2023,1.9832149567399264
95230,2023,1.980653145255134
95257,2023,1.97954276498099
95961,2023,1.9783478303966282
95938,2023,1.9781883079086489
94503,2023,1.9774707972499288
96086,2023,1.975677902065454
95674,2023,1.9732381052993544
93543,2023,1.9699773297112433
92070,2023,1.9662577684574927
93140,2023,1.9649975260237322
93130,2023,1.9649975260237322
93190,2023,1.9649975260237322
93150,2023,1.9649975260237322
93120,2023,1.9649975260237322
93101,2023,1.9649975260237322
93102,2023,1.9649975260237322
93121,2023,1.9649975260237322
93160,2023,1.9649975260237322
95476,2023,1.960841226773009
95629,2023,1.9602000837331155
94515,2023,1.9595503110360644
95333,2023,1.9552485875228272
95228,2023,1.9542746648887512
95712,2023,1.9536447436381807
90290,2023,1.952086515620267
95661,2023,1.9495803534425158
96129,2023,1.9491690547349274
92364,2023,1.947169120371476
92220,2023,1.943894217495617
91320,2023,1.9416896999539972
96019,2023,1.9402743002757283
93066,2023,1.9373761725406762
93505,2023,1.9368249607679426
96125,2023,1.9362940400359003
95409,2023,1.9353039178213085
94534,2023,1.928737853931806
94576,2023,1.9272894219944774
92366,2023,1.9264358428546207
96049,2023,1.9250252856560817
95941,2023,1.9246343899986225
93513,2023,1.920870321591388
93590,2023,1.9154701339770415
93599,2023,1.9154701339770415
95925,2023,1.9153452149999608
91342,2023,1.9148842666738497
95556,2023,1.9133330637982569
95526,2023,1.9108372855368252
95973,2023,1.9102745045349396
95404,2023,1.9056473371286622
95953,2023,1.905081183562656
95940,2023,1.9009214356629895
95644,2023,1.8989341951552907
93666,2023,1.898749485471064
95619,2023,1.8979549081591658
93653,2023,1.8921124797695934
95762,2023,1.8913168148397304
95469,2023,1.890775117247094
92678,2023,1.888631472686302
95968,2023,1.8881235047746276
93004,2023,1.887334509631408
93615,2023,1.8866801932611856
92308,2023,1.8835161504623774
95613,2023,1.8831205763770373
92230,2023,1.8815723500877437
95623,2023,1.8811222450158303
96079,2023,1.8794962833841002
96069,2023,1.8773890790490484
95255,2023,1.8746599206972083
93544,2023,1.8721406246439105
95246,2023,1.8688805138875146
91386,2023,1.8656233532816262
95045,2023,1.865011929300947
93669,2023,1.8649832053432362
93644,2023,1.8601357492048058
93623,2023,1.8601357492048058
93554,2023,1.8596772884078534
91358,2023,1.8508755785977906
91362,2023,1.8508755785977906
95689,2023,1.85080425014219
95683,2023,1.8504739345289427
93227,2023,1.8486710627885845
93586,2023,1.8468904482587647
93584,2023,1.8468904482587647
93534,2023,1.8468904482587647
93539,2023,1.8468904482587647
92694,2023,1.8467547170612941
93552,2023,1.8459771400915161
91361,2023,1.8450654071098769
95222,2023,1.8412283469229576
95633,2023,1.841046574596382
94931,2023,1.840193191005706
93591,2023,1.839523390567925
96106,2023,1.834910652848217
95245,2023,1.8325622559485488
95717,2023,1.8303715884122562
93642,2023,1.8285710517803797
92356,2023,1.8283089354459816
93601,2023,1.8282865188969086
95254,2023,1.8267297913112415
95943,2023,1.8264407851002957
96092,2023,1.8251022140711681
91351,2023,1.8243397600439746
94953,2023,1.8232881149199878
94975,2023,1.8232881149199878
94955,2023,1.8232881149199878
93535,2023,1.8226561418483862
95361,2023,1.8223917910657335
93528,2023,1.8218758532073558
95993,2023,1.8213394891989658
95928,2023,1.820548634780083
93235,2023,1.8198214417030318
93523,2023,1.8142138390565947
93524,2023,1.8142138390565947
95416,2023,1.811245670224985
96096,2023,1.8100537448302485
95651,2023,1.808706390813986
94952,2023,1.8065121819129148
95367,2023,1.8054578059939994
95221,2023,1.8023801978209013
92675,2023,1.8013514013320633
95735,2023,1.798430137254945
93610,2023,1.7916657157677982
94559,2023,1.7903406809464208
94581,2023,1.7903406809464208
95638,2023,1.7881009841658095
92392,2023,1.7872350816777454
91978,2023,1.7854335755191473
95636,2023,1.7829958792260494
95650,2023,1.7816195845188432
93012,2023,1.780848947126916
95677,2023,1.7808473989700722
94951,2023,1.7808201897225082
95632,2023,1.7794995793415143
95248,2023,1.7775186126964333
93274,2023,1.776429597971892
95249,2023,1.774382745099055
95232,2023,1.7742785156240894
95666,2023,1.772536057534531
93030,2023,1.7708765786469427
95937,2023,1.7678449874720112
95694,2023,1.765916828031035
93011,2023,1.7645582868366916
95669,2023,1.7624714631639722
95341,2023,1.761111979598401
95929,2023,1.7548839102180438
93925,2023,1.752332920263777
93962,2023,1.7498499982330054
93915,2023,1.7498499982330054
93912,2023,1.7498499982330054
93908,2023,1.7498499982330054
93905,2023,1.7498499982330054
93902,2023,1.7498499982330054
93901,2023,1.7498499982330054
95714,2023,1.74980908963568
95697,2023,1.745624701821933
95429,2023,1.7449645552447262
95836,2023,1.7435093903760661
95642,2023,1.743486291282481
95654,2023,1.743486291282481
91387,2023,1.7409721355782652
95640,2023,1.7405041376809438
95252,2023,1.7400224375496136
95568,2023,1.7399157475372666
95665,2023,1.739429033459188
95991,2023,1.7345266417960088
91307,2023,1.734048567081171
91308,2023,1.734048567081171
94948,2023,1.7329594389245655
92656,2023,1.7318511915415513
92653,2023,1.7318511915415513
95601,2023,1.7283669579492222
92673,2023,1.7228410657986926
90704,2023,1.7190350974638247
91372,2023,1.716975843666
95676,2023,1.716209229133252
95645,2023,1.716209229133252
95663,2023,1.7149027383136148
95658,2023,1.7149027383136148
95951,2023,1.7142405782619718
92154,2023,1.7113525021486127
93668,2023,1.7099474566295674
92679,2023,1.709644526146148
95742,2023,1.7091690658056102
95225,2023,1.708621750264691
95226,2023,1.708621750264691
92264,2023,1.7084929763511745
92674,2023,1.705180541856664
94510,2023,1.7043875048110426
93247,2023,1.7033470494680618
95646,2023,1.7020385231214314
95685,2023,1.7004719564643302
93626,2023,1.6995363811611952
95699,2023,1.6984266200073075
95325,2023,1.698265299659045
96058,2023,1.694765561250902
93907,2023,1.6914511274914084
95976,2023,1.690727831984109
95926,2023,1.690727831984109
95320,2023,1.690589449880035
95403,2023,1.6886064670410335
95634,2023,1.6882037321390144
92310,2023,1.6877938318600296
95684,2023,1.687445976997645
95368,2023,1.687224048660575
95671,2023,1.6863528819895777
95603,2023,1.683123894796698
95604,2023,1.683123894796698
93645,2023,1.6819445500706818
94590,2023,1.681505469523097
95608,2023,1.6812981719480498
94591,2023,1.679921597896505
92581,2023,1.6796753554042059
95609,2023,1.6777559739341736
94937,2023,1.6758602043569546
95659,2023,1.6758316282760963
93906,2023,1.6747025869150842
93635,2023,1.6742159468751234
95365,2023,1.672765005795028
96104,2023,1.670170465766979
92262,2023,1.6665295311449946
95949,2023,1.666261482549651
94927,2023,1.6660909268551145
94928,2023,1.6660909268551145
94926,2023,1.6660909268551145
95322,2023,1.665812479523536
95060,2023,1.663760690808148
95024,2023,1.663075657909851
95701,2023,1.6628977356141987
95635,2023,1.65913775756019
95006,2023,1.656814659571704
95227,2023,1.6566350972227775
93041,2023,1.6542773568281637
93519,2023,1.6516371898837832
92309,2023,1.6378855113225956
96011,2023,1.6357154632122055
95957,2023,1.6352138791478046
93515,2023,1.635079702164168
95431,2023,1.6327469739945017
93010,2023,1.6253547268700643
93036,2023,1.6253547268700643
95446,2023,1.6244913368971876
95675,2023,1.6210864227586284
95656,2023,1.6210864227586284
95919,2023,1.6203605040752254
95917,2023,1.6199996015058562
93033,2023,1.616204965255901
93032,2023,1.616204965255901
94525,2023,1.6159465550197494
93622,2023,1.615591739969633
95351,2023,1.6143508833009765
95353,2023,1.6143508833009765
95354,2023,1.6143508833009765
93596,2023,1.6133960673352192
93516,2023,1.6133960673352192
95763,2023,1.613356950257449
95630,2023,1.613356950257449
95357,2023,1.6127654852645568
93062,2023,1.6120183039701832
93099,2023,1.6120183039701832
93094,2023,1.6120183039701832
95306,2023,1.6119763752068461
96146,2023,1.6117740512712195
95236,2023,1.6114025977835016
95465,2023,1.6095142372992746
95946,2023,1.6066859531931055
95439,2023,1.6056674008129481
92880,2023,1.6039563822446439
95418,2023,1.6019464245192576
95470,2023,1.6019464245192576
95355,2023,1.5998151921996062
95975,2023,1.5949835070181262
92397,2023,1.5863370884646646
93234,2023,1.5858787596300408
92394,2023,1.583414106427138
92301,2023,1.5827969415339496
93266,2023,1.5814261079101246
92332,2023,1.57783288276522
95442,2023,1.5773833030834774
95004,2023,1.5763441081730667
93638,2023,1.573484885015673
95962,2023,1.5705033097478078
95436,2023,1.570199111273636
95950,2023,1.567010676375931
95948,2023,1.5647448244849131
93558,2023,1.5644676155810393
95401,2023,1.5622838095473153
95920,2023,1.5613288222853845
95323,2023,1.560176730364022
95935,2023,1.5587995977751428
91319,2023,1.5575997470284475
95932,2023,1.5568281071034467
95386,2023,1.5552421195743111
95703,2023,1.552782657579072
95490,2023,1.549279996878705
95992,2023,1.546564944602523
93563,2023,1.5456885183504303
95021,2023,1.5435037175543447
92395,2023,1.542770709846697
94592,2023,1.5426286512716396
94589,2023,1.5426286512716396
93275,2023,1.541672766862681
95405,2023,1.5406946946243132
93035,2023,1.5398796606592868
92688,2023,1.5393741167346329
95449,2023,1.538164343587358
95698,2023,1.5373139472977841
95912,2023,1.5317609790519155
95356,2023,1.5313489185828681
95406,2023,1.5312408834614315
95402,2023,1.5312408834614315
96008,2023,1.529165066119279
95736,2023,1.5270377370189714
95020,2023,1.5246611866335964
90272,2023,1.5236429352171963
93221,2023,1.5196076483410026
93614,2023,1.5145655264801847
92368,2023,1.513461980291248
95924,2023,1.5133495080078794
95316,2023,1.5127569758797932
91394,2023,1.5122049587924093
95842,2023,1.5103360291621688
95945,2023,1.510105936716209
95452,2023,1.5091804081933144
95829,2023,1.5078062705899855
92285,2023,1.5060394907806305
92398,2023,1.504348398221593
95627,2023,1.5021794012257097
95237,2023,1.501102186406204
92365,2023,1.5003833358313894
95713,2023,1.5001998420294553
92393,2023,1.5000734019998536
95602,2023,1.4989406455370873
93545,2023,1.4977142739633909
92327,2023,1.4952223200547992
95242,2023,1.4943399100377432
92384,2023,1.4941859030050766
91963,2023,1.4915741829144544
95621,2023,1.4913225420501803
95340,2023,1.4909585392501448
94599,2023,1.489046497568326
94562,2023,1.489046497568326
95253,2023,1.4870385682718126
95319,2023,1.4844573493415072
93620,2023,1.4808085259763057
95388,2023,1.4792177746430357
95301,2023,1.4792177746430357
93660,2023,1.47681714234418
91367,2023,1.4743780485956315
93944,2023,1.4719970044071158
94956,2023,1.47131445774487
94533,2023,1.470921925495692
95377,2023,1.470124952814484
94946,2023,1.4697088907816658
95303,2023,1.4681363305942332
91340,2023,1.468057109017838
93619,2023,1.4669325864087326
95312,2023,1.4661724855906293
92304,2023,1.4636184539938497
95326,2023,1.4632875015820657
95382,2023,1.4632875015820657
95334,2023,1.4606166967814511
95328,2023,1.4598261525395542
93922,2023,1.458336201713562
93921,2023,1.458336201713562
94971,2023,1.4577755130023389
95012,2023,1.4569481465767053
95358,2023,1.455840461087355
94569,2023,1.4543258359504398
93044,2023,1.4513919361344645
95307,2023,1.450970718153315
95381,2023,1.4497932780365208
95653,2023,1.4474650458603306
95631,2023,1.4473672732393779
92382,2023,1.4448142766489305
93933,2023,1.4438231021087624
93955,2023,1.4438231021087624
95315,2023,1.4425730856458503
95986,2023,1.4413916119792802
95017,2023,1.4407461186154107
93953,2023,1.4401747240421723
93950,2023,1.4401747240421723
95344,2023,1.4387063798717599
95343,2023,1.4387063798717599
93943,2023,1.4385231270896348
93942,2023,1.4385231270896348
93940,2023,1.4385231270896348
94938,2023,1.4372986517217572
95336,2023,1.4365289033409419
95380,2023,1.4355973719405466
95348,2023,1.4346602606692151
95317,2023,1.432752556412038
93640,2023,1.4314098478905328
95076,2023,1.4287589230330673
95077,2023,1.4287589230330673
93624,2023,1.4236800525597253
93043,2023,1.4207859989107396
93706,2023,1.4200138862372869
95492,2023,1.4191433600937384
93637,2023,1.4136589020865307
93639,2023,1.4136589020865307
95412,2023,1.4136523206970455
93661,2023,1.4133723775325304
93550,2023,1.4123783994513868
94924,2023,1.4077181246190509
95207,2023,1.4062459008813988
95297,2023,1.4062459008813988
92651,2023,1.40597051231768
95960,2023,1.405297222085693
92312,2023,1.4044883630301013
92311,2023,1.4044883630301013
92389,2023,1.4037272104507772
95366,2023,1.403500280912891
93665,2023,1.403318326459154
95215,2023,1.4027520602465282
93526,2023,1.4016834256243906
92305,2023,1.4010180003386363
92328,2023,1.3990195335211741
96142,2023,1.398483142504474
96155,2023,1.3977339472576613
96154,2023,1.3977339472576613
95721,2023,1.3977339472576613
93923,2023,1.3976184027622058
95834,2023,1.3950894372977545
94963,2023,1.3938538371263645
94933,2023,1.3938538371263645
93723,2023,1.3931579383348125
95324,2023,1.392577755219055
95374,2023,1.392577755219055
93277,2023,1.392232225984347
93291,2023,1.392232225984347
93292,2023,1.392232225984347
93279,2023,1.392232225984347
93278,2023,1.392232225984347
93290,2023,1.392232225984347
92323,2023,1.3906497648336646
92372,2023,1.3904062406943125
95210,2023,1.389440799011783
92607,2023,1.3886544272287746
96145,2023,1.3873756773398307
93662,2023,1.387270736868935
93223,2023,1.3870439405904618
92347,2023,1.3867907520266167
92338,2023,1.3847972391230083
91359,2023,1.3831023337234327
91914,2023,1.3811460861492335
92371,2023,1.3804941434851563
93630,2023,1.3771345682026845
93616,2023,1.3742345638658395
93656,2023,1.371653743136978
94060,2023,1.3713846300355959
94940,2023,1.3704764275092047
92173,2023,1.3695055286617326
95843,2023,1.3660594580601302
92677,2023,1.365912795134089
95296,2023,1.361065039930196
95313,2023,1.361049286830105
95360,2023,1.361049286830105
95258,2023,1.3574569503996636
95830,2023,1.3570466719904621
95662,2023,1.3555332256741468
95827,2023,1.3534361044024705
92315,2023,1.3522689861166324
95693,2023,1.3477305658858723
95363,2023,1.3476130857016548
95833,2023,1.3471024272878744
94950,2023,1.3464345073910575
90264,2023,1.345632044001837
90263,2023,1.345632044001837
93005,2023,1.3450082197858593
93007,2023,1.3450082197858593
93006,2023,1.3450082197858593
93002,2023,1.3450082197858593
95350,2023,1.3441039040074945
92881,2023,1.3402774581082921
95206,2023,1.3395133122100118
94929,2023,1.3394478677457113
94970,2023,1.3391848621639635
95480,2023,1.3343589900218744
96141,2023,1.3310914841094288
95209,2023,1.327891286153476
91987,2023,1.327344781215581
91980,2023,1.327344781215581
94973,2023,1.3254238229498343
95824,2023,1.322099788098782
95822,2023,1.316936813623129
93720,2023,1.3166263237742077
95514,2023,1.3159142961425683
95007,2023,1.3153536972543414
95444,2023,1.3134596196922765
95970,2023,1.311737044350144
92359,2023,1.3115017157612001
95220,2023,1.3102468417583915
95624,2023,1.309465539404509
92314,2023,1.3091308400581179
95214,2023,1.3090030122349363
95213,2023,1.3090030122349363
95722,2023,1.308213823726771
95037,2023,1.3081183823238252
95046,2023,1.3081183823238252
95610,2023,1.3076554055096665
95611,2023,1.3076554055096665
95639,2023,1.3057757698665875
92342,2023,1.30490118343434
93625,2023,1.3014171524460694
95269,2023,1.3005457387612287
92386,2023,1.3000974846343476
93242,2023,1.3000842808623199
96143,2023,1.298379461922677
96148,2023,1.298379461922677
96140,2023,1.298379461922677
93607,2023,1.2962975655114908
93652,2023,1.2962975655114908
94972,2023,1.2959251010557005
96115,2023,1.2951892507875262
92563,2023,1.2936880316182184
95397,2023,1.292450312039145
95352,2023,1.292450312039145
93606,2023,1.290778527521302
95001,2023,1.2899853731924276
95628,2023,1.2889169894738868
93636,2023,1.2877377331248039
95240,2023,1.2849795276828577
95466,2023,1.2818995730011231
94535,2023,1.2817853092681937
92883,2023,1.277414570450944
95211,2023,1.2727215037593178
95204,2023,1.2727215037593178
95267,2023,1.2727215037593178
95203,2023,1.2727215037593178
93725,2023,1.2725417915610346
95655,2023,1.2722967104846683
95831,2023,1.2698013261909695
95038,2023,1.266661979160836
95241,2023,1.2659452698087736
95065,2023,1.2641844092556338
95061,2023,1.2641844092556338
95064,2023,1.2641844092556338
95063,2023,1.2641844092556338
95062,2023,1.2641844092556338
93730,2023,1.2638253732642497
92333,2023,1.2625914961483025
93728,2023,1.2610662874508225
92624,2023,1.260719613418753
92629,2023,1.260719613418753
92693,2023,1.260719613418753
96161,2023,1.2599910661952576
95010,2023,1.2597857995320216
95073,2023,1.2597857995320216
92259,2023,1.2597662833494245
95003,2023,1.2581581515837867
96156,2023,1.2553102568833288
96157,2023,1.2553102568833288
96150,2023,1.2553102568833288
93553,2023,1.2547426511235564
95471,2023,1.2538559690291196
95407,2023,1.2526732337224953
94585,2023,1.2483067432191568
95688,2023,1.2480237596971866
93776,2023,1.246683977928423
93777,2023,1.246683977928423
93764,2023,1.246683977928423
93775,2023,1.246683977928423
93774,2023,1.246683977928423
93778,2023,1.246683977928423
93772,2023,1.246683977928423
93771,2023,1.246683977928423
93773,2023,1.246683977928423
93786,2023,1.246683977928423
93779,2023,1.246683977928423
93790,2023,1.246683977928423
93791,2023,1.246683977928423
93792,2023,1.246683977928423
93793,2023,1.246683977928423
93794,2023,1.246683977928423
93844,2023,1.246683977928423
93888,2023,1.246683977928423
93765,2023,1.246683977928423
93750,2023,1.246683977928423
93761,2023,1.246683977928423
93724,2023,1.246683977928423
93760,2023,1.246683977928423
93708,2023,1.246683977928423
93709,2023,1.246683977928423
93712,2023,1.246683977928423
93714,2023,1.246683977928423
93715,2023,1.246683977928423
93716,2023,1.246683977928423
93717,2023,1.246683977928423
93718,2023,1.246683977928423
93707,2023,1.246683977928423
93747,2023,1.246683977928423
93729,2023,1.246683977928423
93740,2023,1.246683977928423
93741,2023,1.246683977928423
93744,2023,1.246683977928423
93755,2023,1.246683977928423
93745,2023,1.246683977928423
92652,2023,1.2434019998433339
95838,2023,1.2429072949808584
92263,2023,1.2428426027310022
91905,2023,1.2425494351721016
96152,2023,1.241359234010632
96151,2023,1.241359234010632
96158,2023,1.241359234010632
95821,2023,1.2378041480578528
95387,2023,1.2376904488258376
92055,2023,1.2339384182506297
95231,2023,1.2330135442117047
93650,2023,1.2311391725098615
93721,2023,1.229565989750689
93702,2023,1.229565989750689
95337,2023,1.229303784987306
95828,2023,1.2249177167717884
92028,2023,1.2246855706329551
95652,2023,1.2220517322649727
95660,2023,1.2220517322649727
91376,2023,1.2217091258684152
95823,2023,1.2173298446809995
95832,2023,1.2173298446809995
95673,2023,1.2171696658541884
95835,2023,1.2171696658541884
92240,2023,1.216924914875427
91364,2023,1.2163419311540398
95330,2023,1.2141647531782864
93701,2023,1.2141638884196322
93737,2023,1.2141638884196322
93727,2023,1.2141638884196322
93042,2023,1.2123699041851292
96160,2023,1.2061502462516054
96162,2023,1.2061502462516054
91759,2023,1.2018282877049926
92363,2023,1.1992043906693486
95212,2023,1.1978717816068514
95686,2023,1.1974285500989728
95415,2023,1.19646186797355
95385,2023,1.1935183120036823
93034,2023,1.1935065152629218
93031,2023,1.1935065152629218
92610,2023,1.1931449003983527
92503,2023,1.1912974886051506
95696,2023,1.189566356161469
95039,2023,1.186704171469015
92592,2023,1.1841579795922383
95741,2023,1.183332005559872
92274,2023,1.1825773818169651
95201,2023,1.181419132567814
95202,2023,1.181419132567814
92589,2023,1.1801119247381628
92590,2023,1.1801119247381628
92591,2023,1.1801119247381628
92593,2023,1.1801119247381628
92059,2023,1.176966096736381
92143,2023,1.1755827545523245
95670,2023,1.1754491393139324
92882,2023,1.1736654160164062
93611,2023,1.1717439438716815
95473,2023,1.1711637939927633
92088,2023,1.170966036398874
95205,2023,1.1700554580891094
93722,2023,1.169456501586953
91313,2023,1.1675823633788238
93627,2023,1.166727401860917
95450,2023,1.1661202534996211
95615,2023,1.1625763115901508
95019,2023,1.1600729160535463
92329,2023,1.1598438397168662
95757,2023,1.1573882008757932
95486,2023,1.1573742262430695
95837,2023,1.1573316838531202
95462,2023,1.155725775370248
95759,2023,1.1554029238368644
96111,2023,1.1524635028307302
95776,2023,1.1514963095143298
91701,2023,1.1505685085085389
95494,2023,1.1491320323455454
95758,2023,1.149065231101266
95472,2023,1.1486503651068578
92690,2023,1.1481913210786743
92691,2023,1.1481913210786743
92692,2023,1.1481913210786743
91396,2023,1.1459334431651487
92336,2023,1.1457895398288707
94520,2023,1.1435970163803768
93703,2023,1.143192243717495
93612,2023,1.143192243717495
93726,2023,1.143192243717495
93711,2023,1.143192243717495
93704,2023,1.143192243717495
93613,2023,1.143192243717495
93710,2023,1.143192243717495
93705,2023,1.143192243717495
95680,2023,1.1426487485737393
95690,2023,1.1426487485737393
94519,2023,1.1415476510460505
94524,2023,1.1415476510460505
94529,2023,1.1415476510460505
94522,2023,1.1415476510460505
94521,2023,1.1371684477449016
91344,2023,1.1332067883004182
95234,2023,1.1286674082744517
92630,2023,1.1279614421217716
92562,2023,1.1253843334598308
91304,2023,1.1251035509748628
92267,2023,1.123722467012177
94514,2023,1.1205934022739783
91365,2023,1.1195769695808349
91371,2023,1.1195769695808349
95208,2023,1.1163989244085017
92256,2023,1.115322031586225
92509,2023,1.1125957391701535
95391,2023,1.1124174025330928
92548,2023,1.1087992988423396
92375,2023,1.1086047913714119
92374,2023,1.1086047913714119
93199,2023,1.1051808139806458
92596,2023,1.1020115964277635
95612,2023,1.0984168710388291
95378,2023,1.094648311195831
92530,2023,1.0936332972773484
92258,2023,1.0936153048400048
92317,2023,1.0928249865178647
91962,2023,1.0921747077644863
95376,2023,1.0920874802995755
91916,2023,1.0916746589648971
95304,2023,1.090762764517627
91311,2023,1.0901953201246362
92373,2023,1.0898640390391114
91729,2023,1.089099700361578
91730,2023,1.089099700361578
94505,2023,1.0886988590102378
94513,2023,1.086899245379913
95066,2023,1.0868201459041353
92555,2023,1.0839424682716696
91326,2023,1.0784920312711623
95641,2023,1.0770777079284077
95067,2023,1.0731295703267738
95041,2023,1.0731295703267738
93232,2023,1.0727192351961692
93230,2023,1.0727192351961692
94571,2023,1.0712813631368174
92066,2023,1.0679413848402053
92344,2023,1.067773838688183
95219,2023,1.0622665978271437
95695,2023,1.0602396927074802
94922,2023,1.058703280580322
95419,2023,1.058703280580322
93530,2023,1.0584724390561044
92570,2023,1.0584128528509051
92254,2023,1.0541123704768474
93549,2023,1.05219635735784
92022,2023,1.0518195778765014
95005,2023,1.0479071852018875
95018,2023,1.0479071852018875
91306,2023,1.0461766611664962
91303,2023,1.0461766611664962
91309,2023,1.0461766611664962
91305,2023,1.0461766611664962
93245,2023,1.0438260044242145
93202,2023,1.0438260044242145
95625,2023,1.0386415564377098
91931,2023,1.0302991414428395
91357,2023,1.0301743789796767
92543,2023,1.0294757513789992
91335,2023,1.0294151441010593
91337,2023,1.0294151441010593
91341,2023,1.026902925929755
92564,2023,1.0239599633317624
95798,2023,1.0235459435942011
95605,2023,1.0235459435942011
93609,2023,1.0186534437865824
92879,2023,1.0185551340177217
92878,2023,1.0185551340177217
92877,2023,1.0185551340177217
94511,2023,1.0177512489723353
95421,2023,1.0162964546605673
92602,2023,1.0159385310213915
95860,2023,1.0143755455590477
91356,2023,1.0134128619142397
91743,2023,1.010137337764919
92320,2023,1.010121937662864
95853,2023,1.0098663446351464
95852,2023,1.0098663446351464
95851,2023,1.0098663446351464
95815,2023,1.0098663446351464
95813,2023,1.0098663446351464
95140,2023,1.0077096572019277
95139,2023,1.0075861953949616
91752,2023,1.0066237354805172
92036,2023,1.0061803488096115
91934,2023,1.0051456466148794
95013,2023,1.0039848022881457
92345,2023,1.0034600979023705
94923,2023,1.0028249737750117
92545,2023,1.0015033379979479
92585,2023,0.9997810294961783
92546,2023,0.9994470048279495
92582,2023,0.994765687233574
94548,2023,0.9934191456481368
95687,2023,0.9930571613969366
95430,2023,0.9900222363217552
92340,2023,0.9870077003647176
92567,2023,0.9853522513896029
91739,2023,0.9851735409230499
91737,2023,0.9851735409230499
94561,2023,0.984829294143858
95825,2023,0.9771848960450074
95866,2023,0.9771848960450074
95865,2023,0.9771848960450074
95826,2023,0.9771848960450074
95864,2023,0.9771848960450074
95138,2023,0.9736662256940334
94244,2023,0.9717310693738989
94249,2023,0.9717310693738989
94232,2023,0.9717310693738989
94234,2023,0.9717310693738989
94254,2023,0.9717310693738989
94252,2023,0.9717310693738989
94235,2023,0.9717310693738989
94240,2023,0.9717310693738989
94248,2023,0.9717310693738989
94236,2023,0.9717310693738989
94247,2023,0.9717310693738989
94256,2023,0.9717310693738989
94257,2023,0.9717310693738989
94245,2023,0.9717310693738989
94237,2023,0.9717310693738989
94239,2023,0.9717310693738989
94250,2023,0.9717310693738989
94277,2023,0.9717310693738989
94230,2023,0.9717310693738989
94286,2023,0.9717310693738989
94299,2023,0.9717310693738989
94298,2023,0.9717310693738989
94297,2023,0.9717310693738989
94296,2023,0.9717310693738989
94295,2023,0.9717310693738989
94294,2023,0.9717310693738989
94293,2023,0.9717310693738989
94291,2023,0.9717310693738989
94290,2023,0.9717310693738989
94289,2023,0.9717310693738989
94288,2023,0.9717310693738989
94287,2023,0.9717310693738989
94285,2023,0.9717310693738989
94211,2023,0.9717310693738989
94278,2023,0.9717310693738989
94284,2023,0.9717310693738989
94282,2023,0.9717310693738989
94280,2023,0.9717310693738989
94279,2023,0.9717310693738989
94203,2023,0.9717310693738989
94204,2023,0.9717310693738989
94205,2023,0.9717310693738989
94206,2023,0.9717310693738989
94207,2023,0.9717310693738989
94208,2023,0.9717310693738989
94209,2023,0.9717310693738989
94283,2023,0.9717310693738989
94229,2023,0.9717310693738989
94259,2023,0.9717310693738989
94269,2023,0.9717310693738989
94271,2023,0.9717310693738989
95819,2023,0.9717310693738989
94273,2023,0.9717310693738989
94268,2023,0.9717310693738989
94267,2023,0.9717310693738989
94258,2023,0.9717310693738989
95820,2023,0.9717310693738989
95840,2023,0.9717310693738989
94261,2023,0.9717310693738989
95867,2023,0.9717310693738989
94262,2023,0.9717310693738989
94274,2023,0.9717310693738989
95894,2023,0.9717310693738989
95811,2023,0.9717310693738989
95812,2023,0.9717310693738989
94263,2023,0.9717310693738989
95814,2023,0.9717310693738989
95816,2023,0.9717310693738989
95817,2023,0.9717310693738989
95818,2023,0.9717310693738989
91329,2023,0.9704461979240747
91327,2023,0.9704461979240747
91328,2023,0.9704461979240747
91324,2023,0.9704461979240747
91330,2023,0.9704461979240747
94512,2023,0.9703012565729425
96112,2023,0.9669291408102136
94527,2023,0.9620069941829331
95454,2023,0.9613082837125831
91948,2023,0.9598620621219967
94531,2023,0.9588653881300209
92609,2023,0.9504273359343667
92637,2023,0.9504273359343667
92654,2023,0.9504273359343667
92376,2023,0.9462845735384443
92505,2023,0.9447258665057456
92860,2023,0.9447258665057456
92082,2023,0.9446820343021216
93522,2023,0.9421142749119353
94550,2023,0.9412353794545831
92584,2023,0.9397893655141587
92586,2023,0.9397893655141587
92231,2023,0.9384868216528167
92232,2023,0.9384868216528167
92249,2023,0.9384868216528167
95511,2023,0.9269623876249184
91709,2023,0.9256543643025271
95585,2023,0.9247965138809342
92223,2023,0.9216705507640289
91761,2023,0.9178140072413521
91711,2023,0.9162798008676744
92331,2023,0.9152682997915758
92335,2023,0.9152682997915758
92337,2023,0.9152682997915758
91764,2023,0.9138379945785832
92266,2023,0.9136697431044578
92257,2023,0.9115111198830037
95135,2023,0.9098793762167829
95617,2023,0.9080708696241151
95618,2023,0.9080708696241151
95616,2023,0.9080708696241151
92887,2023,0.9078857794981156
92341,2023,0.9071106092838395
92003,2023,0.9028878743914581
95417,2023,0.9012864290397927
92399,2023,0.9001656444051978
91784,2023,0.8978709130761648
91763,2023,0.8966256998712032
95899,2023,0.8965791851443703
95691,2023,0.8965791851443703
95799,2023,0.8965791851443703
92377,2023,0.8961106106141323
94014,2023,0.8957668784366453
94112,2023,0.8957668784366453
94066,2023,0.8957668784366453
94038,2023,0.8957668784366453
94044,2023,0.8957668784366453
94132,2023,0.8957668784366453
94037,2023,0.8957668784366453
94015,2023,0.8957668784366453
94016,2023,0.8957668784366453
94017,2023,0.8957668784366453
94018,2023,0.8957668784366453
94019,2023,0.8957668784366453
92261,2023,0.8921607100086595
92385,2023,0.8919734201233254
91708,2023,0.8918804585202239
92275,2023,0.8858819732699668
94509,2023,0.8853577835802084
91406,2023,0.8845623909770186
91785,2023,0.8821480878723756
91786,2023,0.8821480878723756
95026,2023,0.8812932174630184
95044,2023,0.8812932174630184
95033,2023,0.8812932174630184
91316,2023,0.8785840600115737
92572,2023,0.8777757885889361
92599,2023,0.8777757885889361
95031,2023,0.8770295173417832
95620,2023,0.8767746654374632
94020,2023,0.8757512862716339
94117,2023,0.8722027666009802
94131,2023,0.8722027666009802
94122,2023,0.8722027666009802
94129,2023,0.8722027666009802
94143,2023,0.8722027666009802
94118,2023,0.8722027666009802
94121,2023,0.8722027666009802
94127,2023,0.8722027666009802
94116,2023,0.8722027666009802
94114,2023,0.8722027666009802
91911,2023,0.872146093007194
94028,2023,0.871546895906526
94065,2023,0.871546895906526
94027,2023,0.871546895906526
94063,2023,0.871546895906526
94061,2023,0.871546895906526
94565,2023,0.8711337486462067
92531,2023,0.8679845660405048
92808,2023,0.8676656373328255
94551,2023,0.8663774745120488
91325,2023,0.863977785767321
95042,2023,0.8636299461826857
91758,2023,0.8625918200003357
91762,2023,0.8625918200003357
94021,2023,0.8610789277186216
94030,2023,0.8568877412971873
94124,2023,0.8568877412971873
94026,2023,0.8568877412971873
94402,2023,0.8568877412971873
94074,2023,0.8568877412971873
94497,2023,0.8568877412971873
94128,2023,0.8568877412971873
94070,2023,0.8568877412971873
94064,2023,0.8568877412971873
94403,2023,0.8568877412971873
94404,2023,0.8568877412971873
94083,2023,0.8568877412971873
94401,2023,0.8568877412971873
94011,2023,0.8568877412971873
94005,2023,0.8568877412971873
94002,2023,0.8568877412971873
94010,2023,0.8568877412971873
94134,2023,0.8568877412971873
92052,2023,0.8563876295946486
92058,2023,0.8563876295946486
92049,2023,0.8563876295946486
92051,2023,0.8563876295946486
94080,2023,0.8518675072264708
94062,2023,0.8518675072264708
95460,2023,0.851609874608891
91416,2023,0.851585400543158
91426,2023,0.851585400543158
92501,2023,0.8480544261899873
91710,2023,0.8442764822390307
92268,2023,0.8442464769050109
95119,2023,0.8416414172885424
92358,2023,0.8399947013816037
91411,2023,0.8393737497080683
91403,2023,0.8393737497080683
91436,2023,0.8393737497080683
91345,2023,0.8376694295674851
91412,2023,0.8346755234380756
94110,2023,0.8334181728557755
92234,2023,0.8308601055571329
92276,2023,0.8308601055571329
92316,2023,0.8273586410600171
92334,2023,0.8273586410600171
92321,2023,0.8273570529670762
92352,2023,0.8273570529670762
91343,2023,0.8250463647887591
91346,2023,0.8250463647887591
91393,2023,0.8250463647887591
91395,2023,0.8250463647887591
92506,2023,0.824922926013478
92004,2023,0.8246307482824216
95432,2023,0.8210524294477016
92515,2023,0.8205262940532907
92516,2023,0.8205262940532907
92522,2023,0.8205262940532907
92513,2023,0.8205262940532907
92517,2023,0.8205262940532907
92504,2023,0.8205262940532907
92518,2023,0.8205262940532907
92514,2023,0.8205262940532907
92521,2023,0.8205262940532907
92519,2023,0.8205262940532907
92502,2023,0.8205262940532907
91748,2023,0.8194386027672567
92571,2023,0.8189488809685168
92369,2023,0.8133738629465992
90077,2023,0.8105323056862033
91767,2023,0.8105090598443139
91932,2023,0.8063600447030843
91933,2023,0.8063600447030843
92662,2023,0.8019685180435366
92657,2023,0.8019685180435366
92625,2023,0.8019685180435366
91413,2023,0.8000773249050396
91496,2023,0.8000773249050396
91410,2023,0.8000773249050396
91404,2023,0.8000773249050396
91407,2023,0.8000773249050396
91408,2023,0.8000773249050396
91499,2023,0.8000773249050396
91409,2023,0.8000773249050396
91495,2023,0.8000773249050396
91482,2023,0.8000773249050396
91470,2023,0.8000773249050396
92411,2023,0.7991367099122106
92661,2023,0.7989745551046012
92404,2023,0.7982209190555628
92284,2023,0.7958108100442879
92211,2023,0.7924498752580154
92235,2023,0.7924498752580154
92270,2023,0.7924498752580154
92202,2023,0.7914340530414883
92203,2023,0.7914340530414883
92595,2023,0.7892381043522092
92227,2023,0.7876264416620173
92612,2023,0.7822119761333601
92603,2023,0.7809643767392938
91745,2023,0.7757955612530265
92239,2023,0.7704847075443171
95030,2023,0.7696986018177587
91702,2023,0.7678868697899296
92405,2023,0.7675767835201796
95463,2023,0.7673412711086375
92225,2023,0.7611134677476166
95427,2023,0.7606301766738158
94947,2023,0.7602266237692006
92650,2023,0.7601897057126559
92619,2023,0.7601897057126559
92620,2023,0.7601897057126559
92587,2023,0.7574980364615806
92697,2023,0.7574946985435339
92616,2023,0.7574946985435339
95120,2023,0.7523792050438166
95160,2023,0.7523792050438166
92283,2023,0.7514380710358166
94903,2023,0.7505301887478307
94978,2023,0.7505301887478307
92286,2023,0.7490646552984734
92277,2023,0.7480454881512175
92252,2023,0.7480454881512175
91041,2023,0.7479027003890579
92659,2023,0.7464017638186665
92663,2023,0.7464017638186665
92210,2023,0.7452875289835501
92260,2023,0.7452875289835501
92255,2023,0.7452875289835501
92201,2023,0.7442695491045762
92253,2023,0.7442695491045762
92248,2023,0.7442695491045762
92247,2023,0.7442695491045762
92236,2023,0.7442695491045762
95153,2023,0.7440070173033221
95193,2023,0.7440070173033221
95123,2023,0.7440070173033221
92222,2023,0.7432529153397971
92243,2023,0.7409994829669407
92244,2023,0.7409994829669407
92273,2023,0.7409994829669407
92251,2023,0.7409994829669407
95032,2023,0.7397060954914851
95071,2023,0.738615603654249
94949,2023,0.7379615408540084
92618,2023,0.7363893187785926
92532,2023,0.7362545891616328
92378,2023,0.7362311464486695
92226,2023,0.7342040463486571
92250,2023,0.7315947176746282
94915,2023,0.7310340767106689
94998,2023,0.7310340767106689
91046,2023,0.7266043592059543
91020,2023,0.7266043592059543
92281,2023,0.7256682349413136
92862,2023,0.7235335724567065
95118,2023,0.7213566450722391
94942,2023,0.721337641689299
94914,2023,0.721337641689299
94957,2023,0.721337641689299
94979,2023,0.721337641689299
94960,2023,0.721337641689299
94553,2023,0.7186830420772137
92627,2023,0.7174947711297228
95124,2023,0.7170647904063766
92233,2023,0.7162808776594687
90402,2023,0.7126462258776087
90049,2023,0.7119154731934096
91750,2023,0.710376621543141
91766,2023,0.710376621543141
91768,2023,0.710376621543141
91769,2023,0.710376621543141
94614,2023,0.708620312814767
94577,2023,0.708620312814767
92241,2023,0.7080958598050863
90294,2023,0.7058838617426484
90291,2023,0.7058838617426484
94977,2023,0.7029808082104811
94974,2023,0.7029808082104811
94964,2023,0.7029808082104811
94965,2023,0.7029808082104811
94966,2023,0.7029808082104811
94925,2023,0.7029808082104811
94920,2023,0.7029808082104811
94115,2023,0.7029808082104811
94123,2023,0.7029808082104811
94913,2023,0.7029808082104811
94901,2023,0.7029808082104811
94941,2023,0.7029808082104811
94912,2023,0.7029808082104811
94904,2023,0.7029808082104811
94976,2023,0.7029808082104811
94939,2023,0.7029808082104811
95565,2023,0.7027145478448359
94930,2023,0.7005749744227262
90411,2023,0.7000547951545381
90405,2023,0.7000547951545381
90406,2023,0.7000547951545381
90401,2023,0.7000547951545381
90410,2023,0.7000547951545381
90409,2023,0.7000547951545381
90403,2023,0.7000547951545381
90408,2023,0.7000547951545381
90407,2023,0.7000547951545381
90404,2023,0.7000547951545381
92660,2023,0.6995203963101246
92658,2023,0.6995203963101246
92617,2023,0.6995203963101246
91010,2023,0.6986799269642868
94302,2023,0.6983219143046167
94309,2023,0.6983219143046167
94306,2023,0.6983219143046167
94305,2023,0.6983219143046167
94304,2023,0.6983219143046167
94303,2023,0.6983219143046167
94023,2023,0.6983219143046167
94022,2023,0.6983219143046167
94301,2023,0.6983219143046167
94578,2023,0.6983219143046167
94545,2023,0.6983219143046167
94579,2023,0.6983219143046167
94580,2023,0.6983219143046167
94025,2023,0.6983219143046167
94586,2023,0.6979742214133018
95549,2023,0.6947811808413259
95155,2023,0.6903220187599312
95150,2023,0.6903220187599312
95036,2023,0.6903220187599312
95141,2023,0.6903220187599312
95035,2023,0.6903220187599312
95110,2023,0.6903220187599312
95025,2023,0.6903220187599312
94587,2023,0.6887279123107997
94541,2023,0.6887279123107997
94542,2023,0.6887279123107997
94543,2023,0.6887279123107997
94544,2023,0.6887279123107997
94546,2023,0.6887279123107997
94552,2023,0.6887279123107997
94555,2023,0.6887279123107997
94560,2023,0.6887279123107997
94536,2023,0.6887279123107997
94945,2023,0.6871055860024616
95070,2023,0.6854026250509313
94605,2023,0.6848203603053984
94613,2023,0.6848203603053984
94603,2023,0.6848203603053984
94602,2023,0.6848203603053984
94556,2023,0.6848203603053984
94563,2023,0.6848203603053984
94549,2023,0.6848203603053984
94619,2023,0.6848203603053984
94516,2023,0.6848203603053984
94621,2023,0.6848203603053984
94538,2023,0.6845216930980056
94622,2023,0.6837786196790356
94611,2023,0.6837786196790356
94610,2023,0.6837786196790356
94618,2023,0.6837786196790356
94620,2023,0.6837786196790356
94601,2023,0.6837786196790356
94705,2023,0.6837786196790356
94502,2023,0.6837786196790356
94720,2023,0.6837786196790356
94606,2023,0.6837786196790356
94088,2023,0.6810823234919351
94089,2023,0.6810823234919351
95055,2023,0.6810823234919351
94035,2023,0.6810823234919351
94041,2023,0.6810823234919351
94039,2023,0.6810823234919351
95015,2023,0.6810823234919351
95014,2023,0.6810823234919351
94040,2023,0.6810823234919351
95129,2023,0.6810823234919351
95130,2023,0.6810823234919351
95051,2023,0.6810823234919351
94024,2023,0.6810823234919351
94042,2023,0.6810823234919351
94043,2023,0.6810823234919351
94085,2023,0.6810823234919351
94086,2023,0.6810823234919351
94087,2023,0.6810823234919351
95157,2023,0.6810823234919351
95170,2023,0.6810823234919351
95002,2023,0.6768791129648188
94518,2023,0.6752316289136978
94523,2023,0.6752316289136978
94598,2023,0.6752316289136978
94597,2023,0.6752316289136978
94595,2023,0.6752316289136978
94596,2023,0.6752316289136978
92551,2023,0.6721468707354564
91008,2023,0.6721341485043419
92507,2023,0.6719630371729669
94803,2023,0.67169739133917
94850,2023,0.67169739133917
94820,2023,0.67169739133917
94808,2023,0.67169739133917
94807,2023,0.67169739133917
94806,2023,0.67169739133917
94177,2023,0.67169739133917
94805,2023,0.67169739133917
94804,2023,0.67169739133917
94188,2023,0.67169739133917
94802,2023,0.67169739133917
94104,2023,0.67169739133917
94547,2023,0.67169739133917
94108,2023,0.67169739133917
94107,2023,0.67169739133917
94105,2023,0.67169739133917
94146,2023,0.67169739133917
94147,2023,0.67169739133917
94564,2023,0.67169739133917
94164,2023,0.67169739133917
94103,2023,0.67169739133917
94151,2023,0.67169739133917
94158,2023,0.67169739133917
94159,2023,0.67169739133917
94160,2023,0.67169739133917
94161,2023,0.67169739133917
94109,2023,0.67169739133917
94530,2023,0.67169739133917
94145,2023,0.67169739133917
94111,2023,0.67169739133917
94144,2023,0.67169739133917
94142,2023,0.67169739133917
94141,2023,0.67169739133917
94140,2023,0.67169739133917
94119,2023,0.67169739133917
94120,2023,0.67169739133917
94139,2023,0.67169739133917
94801,2023,0.67169739133917
94501,2023,0.67169739133917
94125,2023,0.67169739133917
94126,2023,0.67169739133917
94130,2023,0.67169739133917
94133,2023,0.67169739133917
94163,2023,0.67169739133917
94137,2023,0.67169739133917
94703,2023,0.67169739133917
94609,2023,0.67169739133917
94702,2023,0.67169739133917
94172,2023,0.67169739133917
94701,2023,0.67169739133917
94649,2023,0.67169739133917
94660,2023,0.67169739133917
94624,2023,0.67169739133917
94661,2023,0.67169739133917
94662,2023,0.67169739133917
94659,2023,0.67169739133917
94623,2023,0.67169739133917
94615,2023,0.67169739133917
94612,2023,0.67169739133917
94666,2023,0.67169739133917
94617,2023,0.67169739133917
94708,2023,0.67169739133917
94710,2023,0.67169739133917
94706,2023,0.67169739133917
94712,2023,0.67169739133917
94102,2023,0.67169739133917
94707,2023,0.67169739133917
94608,2023,0.67169739133917
94607,2023,0.67169739133917
94604,2023,0.67169739133917
94709,2023,0.67169739133917
92357,2023,0.6712409998658266
92350,2023,0.6712409998658266
92354,2023,0.6712409998658266
92408,2023,0.6712409998658266
92318,2023,0.6712409998658266
94588,2023,0.6711737264825947
94568,2023,0.6706348555612373
94566,2023,0.6694995415803638
92413,2023,0.6690693258036287
92427,2023,0.6690693258036287
92423,2023,0.6690693258036287
92403,2023,0.6690693258036287
92410,2023,0.6690693258036287
92401,2023,0.6690693258036287
92406,2023,0.6690693258036287
92418,2023,0.6690693258036287
92402,2023,0.6690693258036287
92415,2023,0.6690693258036287
95158,2023,0.6682541940089115
95136,2023,0.6682541940089115
94539,2023,0.6673249628982361
94537,2023,0.6673249628982361
94540,2023,0.6673249628982361
94557,2023,0.6673249628982361
90292,2023,0.6671570761105454
94517,2023,0.6669589580216606
95148,2023,0.666410660236633
95121,2023,0.666410660236633
91913,2023,0.6662513341217922
94507,2023,0.6649732851072669
92552,2023,0.6645063678855738
92554,2023,0.6645063678855738
92556,2023,0.6645063678855738
92557,2023,0.6645063678855738
95154,2023,0.6639869135998331
92615,2023,0.6628116501882948
95151,2023,0.6618677067102824
95113,2023,0.6618677067102824
95116,2023,0.6618677067102824
95115,2023,0.6618677067102824
95112,2023,0.6618677067102824
95111,2023,0.6618677067102824
95109,2023,0.6618677067102824
95108,2023,0.6618677067102824
95196,2023,0.6618677067102824
95125,2023,0.6618677067102824
95122,2023,0.6618677067102824
95152,2023,0.6618677067102824
95127,2023,0.6618677067102824
95194,2023,0.6618677067102824
95131,2023,0.6618677067102824
95192,2023,0.6618677067102824
95190,2023,0.6618677067102824
95132,2023,0.6618677067102824
95173,2023,0.6618677067102824
95133,2023,0.6618677067102824
95172,2023,0.6618677067102824
95161,2023,0.6618677067102824
95103,2023,0.6618677067102824
95156,2023,0.6618677067102824
95106,2023,0.6618677067102824
95101,2023,0.6618677067102824
94528,2023,0.6607805625628359
94526,2023,0.6607805625628359
92322,2023,0.6600728280177862
95134,2023,0.6596946834924337
95054,2023,0.6596946834924337
95191,2023,0.6596946834924337
95011,2023,0.6596946834924337
95164,2023,0.6596946834924337
95159,2023,0.6596946834924337
95009,2023,0.6596946834924337
95050,2023,0.6596946834924337
95128,2023,0.6596946834924337
95052,2023,0.6596946834924337
95126,2023,0.6596946834924337
95053,2023,0.6596946834924337
95008,2023,0.6596946834924337
95056,2023,0.6596946834924337
95117,2023,0.6596946834924337
92391,2023,0.657960211538594
95497,2023,0.6558367321363672
91353,2023,0.6557436946179678
92122,2023,0.653131502787131
91908,2023,0.6520300883110358
91910,2023,0.6520300883110358
92553,2023,0.6506105239279177
94572,2023,0.6478638466622886
94704,2023,0.6478638466622886
91405,2023,0.6454864524387837
91605,2023,0.6454864524387837
92628,2023,0.6445909050813865
94570,2023,0.6436390122176319
94582,2023,0.6436390122176319
94575,2023,0.6436390122176319
94583,2023,0.6436390122176319
94506,2023,0.6436390122176319
91007,2023,0.6386473091087438
92325,2023,0.636911540923933
95488,2023,0.6348572854020222
91208,2023,0.6332448757702565
91021,2023,0.6332448757702565
91504,2023,0.6332448757702565
91012,2023,0.6332448757702565
91001,2023,0.6332448757702565
91352,2023,0.6322576088314368
91402,2023,0.6322576088314368
92324,2023,0.6321552114620574
92313,2023,0.6321552114620574
91023,2023,0.6314636750480171
92508,2023,0.6295316085716244
91003,2023,0.6284612707163848
95554,2023,0.6269720483958425
91009,2023,0.6252822181972486
91077,2023,0.6252822181972486
91066,2023,0.6252822181972486
91006,2023,0.6252822181972486
91108,2023,0.6239552247903364
91118,2023,0.6239552247903364
95550,2023,0.6233031768593168
91724,2023,0.6223059540566558
91723,2023,0.6223059540566558
91773,2023,0.6223059540566558
91011,2023,0.6200625092591353
91224,2023,0.6200625092591353
91740,2023,0.6183546631885285
91789,2023,0.6182196496458243
92823,2023,0.6158967478534848
92821,2023,0.6158967478534848
91016,2023,0.6154409436191
91017,2023,0.6154409436191
92655,2023,0.6139603097792933
91902,2023,0.6118372299723125
90213,2023,0.6112471295340377
90048,2023,0.6112471295340377
90069,2023,0.6112471295340377
90210,2023,0.6112471295340377
90209,2023,0.6112471295340377
91791,2023,0.610022406501979
91765,2023,0.6085655637911414
91788,2023,0.6085655637911414
91741,2023,0.6079392413952117
91771,2023,0.6063910597147624
91772,2023,0.6063910597147624
91775,2023,0.6063910597147624
91780,2023,0.6063910597147624
92816,2023,0.6054784328732447
92811,2023,0.6054784328732447
92863,2023,0.6054784328732447
92870,2023,0.6054784328732447
92817,2023,0.6054784328732447
92864,2023,0.6054784328732447
92857,2023,0.6054784328732447
92806,2023,0.6054784328732447
92867,2023,0.6054784328732447
92899,2023,0.6054784328732447
92865,2023,0.6054784328732447
92861,2023,0.6054784328732447
92807,2023,0.6054784328732447
92871,2023,0.6054784328732447
92831,2023,0.603215059618208
92885,2023,0.603215059618208
92822,2023,0.603215059618208
92886,2023,0.603215059618208
91401,2023,0.6016575565534388
91423,2023,0.6016575565534388
91617,2023,0.6016575565534388
91615,2023,0.6016575565534388
91607,2023,0.6016575565534388
91604,2023,0.6016575565534388
91616,2023,0.6016575565534388
91601,2023,0.6016575565534388
91606,2023,0.6016575565534388
91603,2023,0.6016575565534388
91618,2023,0.6016575565534388
91614,2023,0.6016575565534388
91612,2023,0.6016575565534388
91611,2023,0.6016575565534388
91609,2023,0.6016575565534388
95570,2023,0.6007693219911854
91334,2023,0.5998385523036676
91333,2023,0.5998385523036676
95558,2023,0.5995624886620503
91792,2023,0.5963050288503363
92859,2023,0.5961575330833633
91024,2023,0.5960342946392594
91107,2023,0.5960342946392594
91025,2023,0.5960342946392594
91802,2023,0.5944678278563557
90039,2023,0.5944678278563557
90029,2023,0.5944678278563557
91801,2023,0.5944678278563557
91803,2023,0.5944678278563557
91804,2023,0.5944678278563557
90031,2023,0.5944678278563557
90032,2023,0.5944678278563557
90036,2023,0.5944678278563557
90028,2023,0.5944678278563557
90038,2023,0.5944678278563557
91030,2023,0.5944678278563557
91031,2023,0.5944678278563557
91896,2023,0.5944678278563557
91778,2023,0.5944678278563557
91899,2023,0.5944678278563557
90042,2023,0.5944678278563557
90004,2023,0.5944678278563557
90027,2023,0.5944678278563557
90026,2023,0.5944678278563557
90090,2023,0.5944678278563557
91756,2023,0.5944678278563557
90020,2023,0.5944678278563557
90012,2023,0.5944678278563557
90046,2023,0.5944678278563557
90065,2023,0.5944678278563557
90068,2023,0.5944678278563557
91776,2023,0.5944678278563557
95410,2023,0.5943751625559963
91226,2023,0.5939364413756216
91205,2023,0.5939364413756216
91204,2023,0.5939364413756216
91209,2023,0.5939364413756216
91225,2023,0.5939364413756216
91221,2023,0.5939364413756216
90041,2023,0.5939364413756216
91608,2023,0.5939364413756216
91105,2023,0.5939364413756216
91222,2023,0.5939364413756216
91210,2023,0.5939364413756216
92834,2023,0.5932179924577907
95559,2023,0.5927677366690304
91976,2023,0.5912386757766067
91977,2023,0.5912386757766067
91941,2023,0.5912386757766067
91979,2023,0.5912386757766067
92707,2023,0.5907677392258515
92782,2023,0.5907677392258515
92780,2023,0.5907677392258515
92781,2023,0.5907677392258515
92702,2023,0.5907677392258515
92606,2023,0.5907677392258515
92614,2023,0.5907677392258515
92623,2023,0.5907677392258515
92735,2023,0.5907677392258515
92698,2023,0.5907677392258515
92604,2023,0.5907677392258515
91040,2023,0.5876543381994326
91331,2023,0.5876095170353565
92705,2023,0.58629148338024
92706,2023,0.58629148338024
92711,2023,0.58629148338024
92701,2023,0.58629148338024
92869,2023,0.58629148338024
92868,2023,0.58629148338024
92856,2023,0.58629148338024
92866,2023,0.58629148338024
91110,2023,0.5848731849064808
91116,2023,0.5848731849064808
91106,2023,0.5848731849064808
91109,2023,0.5848731849064808
91522,2023,0.5848731849064808
91523,2023,0.5848731849064808
91526,2023,0.5848731849064808
91602,2023,0.5848731849064808
91202,2023,0.5848731849064808
91182,2023,0.5848731849064808
91521,2023,0.5848731849064808
91114,2023,0.5848731849064808
91129,2023,0.5848731849064808
91126,2023,0.5848731849064808
91125,2023,0.5848731849064808
91124,2023,0.5848731849064808
91123,2023,0.5848731849064808
91121,2023,0.5848731849064808
91117,2023,0.5848731849064808
91184,2023,0.5848731849064808
91201,2023,0.5848731849064808
91510,2023,0.5848731849064808
91508,2023,0.5848731849064808
91199,2023,0.5848731849064808
91203,2023,0.5848731849064808
91101,2023,0.5848731849064808
91189,2023,0.5848731849064808
91188,2023,0.5848731849064808
91206,2023,0.5848731849064808
91102,2023,0.5848731849064808
91207,2023,0.5848731849064808
91501,2023,0.5848731849064808
91115,2023,0.5848731849064808
91502,2023,0.5848731849064808
91103,2023,0.5848731849064808
91503,2023,0.5848731849064808
91104,2023,0.5848731849064808
91185,2023,0.5848731849064808
91505,2023,0.5848731849064808
91506,2023,0.5848731849064808
91507,2023,0.5848731849064808
91912,2023,0.5824861763435872
91921,2023,0.5824861763435872
91909,2023,0.5824861763435872
90732,2023,0.5820609558062004
92712,2023,0.5780483691214293
92242,2023,0.5773474259408866
92280,2023,0.5773474259408866
92105,2023,0.5770064995277957
92139,2023,0.5770064995277957
92114,2023,0.5770064995277957
91951,2023,0.5770064995277957
91950,2023,0.5770064995277957
91946,2023,0.5770064995277957
91943,2023,0.5770064995277957
92115,2023,0.5770064995277957
92182,2023,0.5770064995277957
91944,2023,0.5770064995277957
91945,2023,0.5770064995277957
91043,2023,0.575487583083639
91042,2023,0.575487583083639
91722,2023,0.5738280715039878
95587,2023,0.569901185252367
92132,2023,0.5685634645004035
95445,2023,0.5651682858838829
92178,2023,0.5630540902183419
92165,2023,0.5630540902183419
92179,2023,0.5630540902183419
92170,2023,0.5630540902183419
92171,2023,0.5630540902183419
92172,2023,0.5630540902183419
92174,2023,0.5630540902183419
92175,2023,0.5630540902183419
92176,2023,0.5630540902183419
92177,2023,0.5630540902183419
92186,2023,0.5630540902183419
92168,2023,0.5630540902183419
92187,2023,0.5630540902183419
92190,2023,0.5630540902183419
92191,2023,0.5630540902183419
92192,2023,0.5630540902183419
92193,2023,0.5630540902183419
92195,2023,0.5630540902183419
92196,2023,0.5630540902183419
92169,2023,0.5630540902183419
92167,2023,0.5630540902183419
92198,2023,0.5630540902183419
92147,2023,0.5630540902183419
92116,2023,0.5630540902183419
92134,2023,0.5630540902183419
92135,2023,0.5630540902183419
92136,2023,0.5630540902183419
92138,2023,0.5630540902183419
92140,2023,0.5630540902183419
92142,2023,0.5630540902183419
92149,2023,0.5630540902183419
92166,2023,0.5630540902183419
92150,2023,0.5630540902183419
92152,2023,0.5630540902183419
92153,2023,0.5630540902183419
92158,2023,0.5630540902183419
92159,2023,0.5630540902183419
92160,2023,0.5630540902183419
92163,2023,0.5630540902183419
92197,2023,0.5630540902183419
92118,2023,0.5630540902183419
92112,2023,0.5630540902183419
92199,2023,0.5630540902183419
92113,2023,0.5630540902183419
92104,2023,0.5630540902183419
92101,2023,0.5630540902183419
92103,2023,0.5630540902183419
92102,2023,0.5630540902183419
92110,2023,0.5630540902183419
92278,2023,0.5589849311389763
91793,2023,0.5588219174447706
91790,2023,0.5588219174447706
95456,2023,0.5578426578264882
92815,2023,0.557545263543427
92825,2023,0.557545263543427
92805,2023,0.557545263543427
92836,2023,0.557545263543427
92835,2023,0.5553045590716995
90601,2023,0.5547671959796312
90631,2023,0.5524589067614438
90633,2023,0.5524589067614438
92704,2023,0.5511807448174677
92799,2023,0.5511807448174677
92626,2023,0.5511807448174677
92107,2023,0.5480917028790679
91749,2023,0.5451805635421152
91744,2023,0.5451805635421152
91747,2023,0.5451805635421152
92832,2023,0.5425657245544527
92812,2023,0.5425657245544527
92833,2023,0.5425657245544527
92803,2023,0.5425657245544527
92802,2023,0.5425657245544527
92801,2023,0.5425657245544527
92809,2023,0.5425657245544527
92850,2023,0.5425657245544527
91214,2023,0.5423049501897589
90632,2023,0.5403290616536972
92838,2023,0.5403290616536972
92703,2023,0.5389977521999606
92728,2023,0.5362259529642339
92708,2023,0.5362259529642339
92840,2023,0.5322488861355977
92843,2023,0.5322488861355977
92842,2023,0.5322488861355977
91714,2023,0.5316384833468395
91715,2023,0.5316384833468395
91716,2023,0.5316384833468395
95468,2023,0.5305385343440499
92837,2023,0.5290250850149103
92814,2023,0.5290250850149103
92155,2023,0.5285969792195239
92108,2023,0.5279624075072987
90088,2023,0.524797231279157
90051,2023,0.524797231279157
90087,2023,0.524797231279157
90054,2023,0.524797231279157
90005,2023,0.524797231279157
90006,2023,0.524797231279157
90086,2023,0.524797231279157
90093,2023,0.524797231279157
90091,2023,0.524797231279157
90052,2023,0.524797231279157
90096,2023,0.524797231279157
90099,2023,0.524797231279157
90134,2023,0.524797231279157
90189,2023,0.524797231279157
90211,2023,0.524797231279157
90009,2023,0.524797231279157
90050,2023,0.524797231279157
90212,2023,0.524797231279157
90053,2023,0.524797231279157
90030,2023,0.524797231279157
90084,2023,0.524797231279157
90055,2023,0.524797231279157
90017,2023,0.524797231279157
90035,2023,0.524797231279157
90024,2023,0.524797231279157
90067,2023,0.524797231279157
90033,2023,0.524797231279157
90063,2023,0.524797231279157
90083,2023,0.524797231279157
90025,2023,0.524797231279157
90019,2023,0.524797231279157
90071,2023,0.524797231279157
90072,2023,0.524797231279157
90074,2023,0.524797231279157
90075,2023,0.524797231279157
90076,2023,0.524797231279157
90070,2023,0.524797231279157
90015,2023,0.524797231279157
90080,2023,0.524797231279157
90014,2023,0.524797231279157
90078,2023,0.524797231279157
90060,2023,0.524797231279157
90013,2023,0.524797231279157
90010,2023,0.524797231279157
90057,2023,0.524797231279157
90082,2023,0.524797231279157
90081,2023,0.524797231279157
92106,2023,0.5230642888693252
92111,2023,0.5226348221508669
91706,2023,0.5209296712953232
95459,2023,0.5208059150946784
90061,2023,0.5193745883258862
90044,2023,0.5193745883258862
90312,2023,0.5193745883258862
90047,2023,0.5193745883258862
90002,2023,0.5193745883258862
90255,2023,0.5193745883258862
90311,2023,0.5193745883258862
90308,2023,0.5193745883258862
90306,2023,0.5193745883258862
90305,2023,0.5193745883258862
90304,2023,0.5193745883258862
90303,2023,0.5193745883258862
90302,2023,0.5193745883258862
90301,2023,0.5193745883258862
90293,2023,0.5193745883258862
90245,2023,0.5193745883258862
90094,2023,0.5193745883258862
90003,2023,0.5193745883258862
90059,2023,0.5193745883258862
90045,2023,0.5193745883258862
90001,2023,0.5193745883258862
95536,2023,0.5191815001182358
92054,2023,0.5189317241964388
90062,2023,0.5188852959649185
90230,2023,0.5188852959649185
90066,2023,0.5188852959649185
90037,2023,0.5188852959649185
90043,2023,0.5188852959649185
90056,2023,0.5188852959649185
90058,2023,0.5188852959649185
90270,2023,0.5188852959649185
90016,2023,0.5131718867221946
90064,2023,0.5131718867221946
90034,2023,0.5131718867221946
90023,2023,0.5131718867221946
90021,2023,0.5131718867221946
90018,2023,0.5131718867221946
90231,2023,0.5131718867221946
90011,2023,0.5131718867221946
90232,2023,0.5131718867221946
90233,2023,0.5131718867221946
90007,2023,0.5131718867221946
90008,2023,0.5131718867221946
90261,2023,0.5100099160054984
90248,2023,0.5100099160054984
90505,2023,0.5100099160054984
90504,2023,0.5100099160054984
90503,2023,0.5100099160054984
90501,2023,0.5100099160054984
90247,2023,0.5100099160054984
90249,2023,0.5100099160054984
90266,2023,0.5100099160054984
90250,2023,0.5100099160054984
90251,2023,0.5100099160054984
90254,2023,0.5100099160054984
90278,2023,0.5100099160054984
90277,2023,0.5100099160054984
90260,2023,0.5100099160054984
92109,2023,0.507800735159716
90274,2023,0.5014297519502794
90275,2023,0.5014297519502794
92646,2023,0.49750049912355354
91734,2023,0.4880987209638419
91731,2023,0.4880987209638419
91732,2023,0.4880987209638419
91735,2023,0.4880987209638419
91746,2023,0.4880987209638419
90602,2023,0.4817842656678831
90603,2023,0.4817842656678831
90604,2023,0.4817842656678831
90605,2023,0.4817842656678831
90607,2023,0.4817842656678831
90608,2023,0.4817842656678831
90609,2023,0.4817842656678831
90610,2023,0.4817842656678831
90630,2023,0.47195414731451835
90620,2023,0.47195414731451835
90622,2023,0.47195414731451835
90624,2023,0.47195414731451835
90621,2023,0.47195414731451835
92804,2023,0.47195414731451835
90639,2023,0.46974204174434087
90637,2023,0.46974204174434087
90638,2023,0.46974204174434087
91733,2023,0.4692794617548866
91770,2023,0.4692794617548866
92605,2023,0.4647595295662268
92647,2023,0.4647595295662268
92648,2023,0.4647595295662268
95519,2023,0.4641978733209975
90606,2023,0.4629814520633392
90671,2023,0.4629814520633392
90670,2023,0.4629814520633392
90660,2023,0.4624131741852032
92684,2023,0.4617296512672785
92844,2023,0.4617296512672785
90680,2023,0.4617296512672785
92841,2023,0.4617296512672785
92845,2023,0.4617296512672785
92846,2023,0.4617296512672785
92683,2023,0.4617296512672785
92685,2023,0.4617296512672785
92083,2023,0.4591777767125555
92085,2023,0.4591777767125555
95525,2023,0.4586951319284535
91755,2023,0.45749708447948845
91754,2023,0.45749708447948845
90721,2023,0.45317235729242833
90716,2023,0.45317235729242833
90715,2023,0.45317235729242833
90701,2023,0.45317235729242833
90703,2023,0.45317235729242833
90702,2023,0.45317235729242833
90623,2023,0.45317235729242833
90240,2023,0.4512055447258756
90239,2023,0.4512055447258756
90202,2023,0.4512055447258756
90280,2023,0.4512055447258756
90201,2023,0.4512055447258756
90242,2023,0.4512055447258756
90241,2023,0.4512055447258756
90262,2023,0.4512055447258756
90651,2023,0.4509682809277328
90652,2023,0.4509682809277328
90650,2023,0.4509682809277328
92056,2023,0.4508756521907883
92057,2023,0.4508756521907883
92068,2023,0.4508756521907883
90662,2023,0.450637850638934
90661,2023,0.450637850638934
90040,2023,0.450637850638934
90743,2023,0.4460251212496729
92649,2023,0.4460251212496729
90742,2023,0.4460251212496729
90022,2023,0.44400895368056525
90640,2023,0.44400895368056525
95553,2023,0.443026761266158
90720,2023,0.4429856087266858
90740,2023,0.4429856087266858
92071,2023,0.4426910043539594
92020,2023,0.4426910043539594
92072,2023,0.4426910043539594
92084,2023,0.4422399622795285
90707,2023,0.4414065268264638
90713,2023,0.4414065268264638
90714,2023,0.4414065268264638
90846,2023,0.4414065268264638
90807,2023,0.4414065268264638
90221,2023,0.4414065268264638
90712,2023,0.4414065268264638
90755,2023,0.4414065268264638
90895,2023,0.4414065268264638
90220,2023,0.4414065268264638
90810,2023,0.4414065268264638
90747,2023,0.4414065268264638
90502,2023,0.4414065268264638
90745,2023,0.4414065268264638
90746,2023,0.4414065268264638
90805,2023,0.4414065268264638
90808,2023,0.4414065268264638
90806,2023,0.4414065268264638
90223,2023,0.43920471470682043
90706,2023,0.43920471470682043
90723,2023,0.43920471470682043
90222,2023,0.43920471470682043
92013,2023,0.4390379396734986
92018,2023,0.4390379396734986
95518,2023,0.4381560070357047
95521,2023,0.4381560070357047
90731,2023,0.4342666331308721
90079,2023,0.4312302430955186
91610,2023,0.4312302430955186
90073,2023,0.4312302430955186
90089,2023,0.4312302430955186
90842,2023,0.4312302430955186
90899,2023,0.4312302430955186
90853,2023,0.4312302430955186
90095,2023,0.4312302430955186
90847,2023,0.4312302430955186
90844,2023,0.4312302430955186
90848,2023,0.4312302430955186
90749,2023,0.4312302430955186
90224,2023,0.4312302430955186
90833,2023,0.4312302430955186
90711,2023,0.4312302430955186
90509,2023,0.4312302430955186
90832,2023,0.4312302430955186
90307,2023,0.4312302430955186
90309,2023,0.4312302430955186
90310,2023,0.4312302430955186
90831,2023,0.4312302430955186
90822,2023,0.4312302430955186
90815,2023,0.4312302430955186
90809,2023,0.4312302430955186
90813,2023,0.4312302430955186
90814,2023,0.4312302430955186
90506,2023,0.4312302430955186
90507,2023,0.4312302430955186
90508,2023,0.4312302430955186
90717,2023,0.4312302430955186
90710,2023,0.4312302430955186
90733,2023,0.4312302430955186
90295,2023,0.4312302430955186
90744,2023,0.4312302430955186
90267,2023,0.4312302430955186
90801,2023,0.4312302430955186
90748,2023,0.4312302430955186
90802,2023,0.4312302430955186
90840,2023,0.4312302430955186
90834,2023,0.4312302430955186
90510,2023,0.4312302430955186
90296,2023,0.4312302430955186
90803,2023,0.4312302430955186
90835,2023,0.4312302430955186
90804,2023,0.4312302430955186
90734,2023,0.4312302430955186
95437,2023,0.4308917399609243
95420,2023,0.4307849393588943
92033,2023,0.4165184650743487
92026,2023,0.4165184650743487
92025,2023,0.4165184650743487
92119,2023,0.4165184650743487
92120,2023,0.4165184650743487
92030,2023,0.4165184650743487
92027,2023,0.4165184650743487
92091,2023,0.4165184650743487
92124,2023,0.4165184650743487
92127,2023,0.4165184650743487
92074,2023,0.4165184650743487
91942,2023,0.4165184650743487
92131,2023,0.4165184650743487
92128,2023,0.4165184650743487
92145,2023,0.4165184650743487
92064,2023,0.4165184650743487
92046,2023,0.4165184650743487
92121,2023,0.4049704781936037
92129,2023,0.4049704781936037
92126,2023,0.4049704781936037
92117,2023,0.4049704781936037
92079,2023,0.4049704781936037
92137,2023,0.4049704781936037
92096,2023,0.4049704781936037
92078,2023,0.4049704781936037
92069,2023,0.4049704781936037
92029,2023,0.4049704781936037
92123,2023,0.4049704781936037
95562,2023,0.3912276717703523
95545,2023,0.3872244981178536
92038,2023,0.3839189440755319
92007,2023,0.3839189440755319
92161,2023,0.3839189440755319
92014,2023,0.3839189440755319
92092,2023,0.3839189440755319
92093,2023,0.3839189440755319
92037,2023,0.3839189440755319
92039,2023,0.3839189440755319
92081,2023,0.3839189440755319
92075,2023,0.3839189440755319
92024,2023,0.3839189440755319
92009,2023,0.3839189440755319
92010,2023,0.3756910581810984
92023,2023,0.3756910581810984
92008,2023,0.3756910581810984
92011,2023,0.3756910581810984
92130,2023,0.3670870805822267
92067,2023,0.3670870805822267
95564,2023,0.3515167514576399
95524,2023,0.3502250793027968
95528,2023,0.3418332614285899
95547,2023,0.3418332614285899
95555,2023,0.33477403778613757
95540,2023,0.3331180899328754
95534,2023,0.3287010630538904
95502,2023,0.3287010630538904
95503,2023,0.322221498871217
95501,2023,0.3218411639912463
95569,2023,0.31123964070139837
95571,2023,0.31123964070139837
95542,2023,0.2912624025382194
95551,2023,0.2904709081431212
95589,2023,0.2754065133551396
95560,2023,0.2698344625416052
95537,2023,0.22915036894844298
95543,2023,0.2142361429873264
95532,2023,0.1603899884907054
95548,2023,0.1595702018681665
95531,2023,0.1381201720367466
95567,2023,0.12483044403835289
95538,2023,0.0884426130044726
