zip,qml3_pred,qml5_pred,qml6_pred
90001,3.6989386,2.7530236,3.3474638
90002,3.6857324,2.7517154,3.3455474
90003,3.710303,2.7442465,3.3402188
90004,3.6946964,2.7429848,3.3521974
90005,3.6896257,2.7463014,3.3512504
90006,3.7001882,2.7471802,3.3483818
90007,3.716557,2.746581,3.3534656
90008,3.7687447,2.746273,3.3456655
90009,3.6649516,2.748832,3.3418736
90010,3.7151701,2.7484224,3.3512328
90011,3.6950746,2.7561295,3.3567104
90012,3.652967,2.751226,3.357598
90013,3.6587787,2.7541127,3.3544304
90014,3.671945,2.7473733,3.3430874
90015,3.7014446,2.744576,3.3480709
90016,3.7386494,2.7504187,3.3529527
90017,3.6972933,2.740324,3.3420556
90018,3.7178407,2.7487812,3.3505902
90019,3.746545,2.7441306,3.347763
90020,3.7109158,2.7369409,3.352555
90021,3.6643193,2.7492394,3.3502994
90022,3.605195,2.7478547,3.3556528
90023,3.6444075,2.7450838,3.3494449
90024,3.8388216,2.749093,3.3462043
90025,3.8539872,2.7405834,3.3419256
90026,3.684021,2.7401626,3.3527684
90027,3.7133572,2.734254,3.3566484
90028,3.71558,2.7395954,3.3455582
90029,3.695344,2.748391,3.3575525
90030,3.6631336,2.7453172,3.3360598
90031,3.6468346,2.7595332,3.358025
90032,3.5994496,2.7468095,3.3544729
90033,3.6314287,2.7537787,3.3513741
90034,3.801768,2.7490942,3.338417
90035,3.7624352,2.7490346,3.3467762
90036,3.7574923,2.7468839,3.365786
90037,3.7234244,2.7549665,3.3491457
90038,3.7342808,2.7454095,3.3493369
90039,3.676779,2.7454405,3.3488855
90040,3.6114287,2.7427983,3.3586693
90041,3.6333647,2.7476857,3.3564901
90042,3.6284525,2.7481465,3.3509767
90043,3.7394986,2.7468326,3.3439019
90044,3.7494147,2.7556405,3.3425038
90045,3.8215437,2.7466714,3.3390477
90046,3.7858207,2.7591822,3.3576717
90047,3.7288296,2.7486699,3.3440506
90048,3.742824,2.74196,3.3475184
90049,3.8631642,2.7526817,3.351363
90050,3.6820538,2.7403696,3.349776
90051,3.6875334,2.746212,3.3507152
90052,3.6841888,2.7434707,3.348477
90053,3.678508,2.7527127,3.3470306
90054,3.6823776,2.7462406,3.3542469
90055,3.6515615,2.7393117,3.3404324
90056,3.7870486,2.7503047,3.346318
90057,3.7076814,2.746335,3.3396397
90058,3.6489828,2.7413535,3.3426518
90059,3.7084177,2.7513413,3.3527737
90060,3.6705747,2.7622786,3.3457866
90061,3.70505,2.741445,3.3514986
90062,3.7250414,2.7565217,3.3437877
90063,3.6356044,2.7412207,3.3466709
90064,3.8120887,2.7511394,3.3471155
90065,3.659985,2.736371,3.3534193
90066,3.8417492,2.7477515,3.3410637
90067,3.8074894,2.7414362,3.3504612
90068,3.7333958,2.7422616,3.354661
90069,3.7590177,2.7541697,3.3506367
90070,3.6595297,2.749446,3.3549042
90071,3.6779342,2.7343712,3.3474417
90072,3.6676102,2.760775,3.3483958
90073,3.764636,2.7550902,3.3475127
90074,3.6675253,2.7513442,3.346678
90075,3.6730723,2.7416558,3.350291
90076,3.6690226,2.7558968,3.3448377
90077,3.8391364,2.7505095,3.3535132
90078,3.666994,2.748337,3.3548393
90079,3.7487102,2.7550733,3.3508441
90080,3.6700692,2.7563212,3.3498192
90081,3.6897752,2.7480931,3.3484638
90082,3.6564512,2.7439158,3.3481631
90083,3.668561,2.748516,3.349422
90084,3.6747804,2.7428904,3.3490567
90086,3.6641135,2.7335758,3.3504894
90087,3.6720865,2.7446127,3.3482943
90088,3.6819189,2.7488725,3.3489237
90089,3.7494466,2.7419143,3.351529
90090,3.6734457,2.7420926,3.362588
90091,3.680197,2.7468705,3.3416603
90093,3.7011018,2.7436903,3.347824
90094,3.8481507,2.743122,3.3430552
90095,3.769198,2.7376637,3.3555968
90096,3.6647732,2.7435782,3.3560674
90099,3.663665,2.7364614,3.3508275
90134,3.6593685,2.7615635,3.3445508
90189,3.6803386,2.7470632,3.352914
90201,3.5999649,2.7500675,3.3470535
90202,3.6388721,2.7497246,3.3481715
90209,3.8206124,2.745516,3.3556678
90210,3.822965,2.7453978,3.352809
90211,3.7985299,2.7464788,3.3462362
90212,3.793996,2.7452955,3.3425431
90213,3.7867785,2.7497187,3.3615665
90220,3.6638818,2.7473662,3.3504426
90221,3.6701167,2.7457151,3.3544388
90222,3.6727262,2.7436798,3.3435833
90223,3.68274,2.7523105,3.3504078
90224,3.7712843,2.760639,3.3424265
90230,3.817993,2.7527077,3.3474743
90231,3.8053825,2.7451243,3.3426218
90232,3.7939947,2.754832,3.3422456
90233,3.8106315,2.7412975,3.3513107
90239,3.6002254,2.7490203,3.3571632
90240,3.5837326,2.7521343,3.3525605
90241,3.577309,2.750663,3.3457434
90242,3.6086488,2.7497387,3.3453245
90245,3.829617,2.756045,3.3430796
90247,3.7488294,2.7455435,3.3438406
90248,3.7372193,2.7444441,3.3389833
90249,3.7866893,2.7557027,3.3412192
90250,3.786411,2.7538865,3.3503373
90251,3.7791076,2.7432442,3.340465
90254,3.8129892,2.753396,3.3447409
90255,3.669669,2.7538145,3.346142
90260,3.7919276,2.7470474,3.3354793
90261,3.801554,2.7406619,3.3456688
90262,3.6397548,2.7541776,3.3476236
90263,4.2622857,2.7475853,3.3612921
90264,4.2428484,2.736622,3.362008
90265,4.171102,2.7409706,3.3430994
90266,3.8548586,2.7531385,3.35132
90267,3.7372081,2.7650166,3.3456435
90270,3.6344469,2.750824,3.3521829
90272,3.9072526,2.7414608,3.3388565
90274,3.8443675,2.7556024,3.350308
90275,3.8465846,2.7454221,3.3361735
90277,3.8132415,2.7504172,3.3425944
90278,3.811787,2.75354,3.3471258
90280,3.6341133,2.742176,3.3538418
90290,3.9896207,2.7464254,3.353293
90291,3.872152,2.745186,3.3496723
90292,3.8661463,2.7615557,3.3502603
90293,3.8582506,2.7412589,3.3485372
90294,3.877526,2.7544775,3.3563905
90295,3.7608902,2.7556517,3.3488111
90296,3.736741,2.7466986,3.3460984
90301,3.7692826,2.743085,3.354108
90302,3.7742298,2.740852,3.356038
90303,3.7515132,2.7385392,3.346624
90304,3.7773514,2.7464793,3.3485494
90305,3.7390132,2.7530613,3.3438892
90306,3.7835464,2.7442594,3.342063
90307,3.7341847,2.7496035,3.3429048
90308,3.7632926,2.7476237,3.353661
90309,3.7505383,2.745855,3.3498454
90310,3.7512171,2.7533762,3.3504512
90311,3.777586,2.747042,3.3562748
90312,3.7653222,2.745505,3.350104
90401,3.881558,2.7499545,3.3422813
90402,3.8994853,2.7451572,3.3473895
90403,3.8950672,2.7562616,3.3447251
90404,3.8639398,2.7494297,3.3472996
90405,3.87121,2.7543821,3.3507037
90406,3.87013,2.7490819,3.3451514
90407,3.8932316,2.7400057,3.3402562
90408,3.907254,2.7432063,3.3443573
90409,3.8978992,2.747613,3.3502371
90410,3.88988,2.752157,3.3486042
90411,3.8863509,2.7490697,3.3441763
90501,3.7661784,2.7491438,3.3432393
90502,3.7434347,2.7529776,3.3536437
90503,3.7907467,2.7567494,3.3449624
90504,3.7646694,2.7457075,3.3467326
90505,3.8059478,2.7451963,3.3520744
90506,3.768217,2.7500322,3.34468
90507,3.7752547,2.7530832,3.3523111
90508,3.7470155,2.7442546,3.3468347
90509,3.7557764,2.7497838,3.353502
90510,3.7547555,2.744555,3.3531477
90601,3.5330925,2.7501535,3.3550067
90602,3.5484664,2.757858,3.3466542
90603,3.5256493,2.752497,3.3459015
90604,3.510199,2.7449267,3.34877
90605,3.5304112,2.7580795,3.3522768
90606,3.5504684,2.757244,3.350422
90607,3.5164368,2.7350469,3.3516946
90608,3.5362904,2.7506785,3.3493052
90609,3.5352347,2.7519786,3.3403068
90610,3.527096,2.741421,3.3524842
90620,3.5267975,2.7542675,3.352157
90621,3.52639,2.7599113,3.3494763
90622,3.5220497,2.7488608,3.3517253
90623,3.5632045,2.7488515,3.349133
90624,3.529465,2.747396,3.355038
90630,3.548001,2.749413,3.3390749
90631,3.4817293,2.750417,3.357993
90632,3.4915211,2.7535026,3.3513393
90633,3.4749172,2.747638,3.354889
90637,3.5221891,2.7461705,3.3594816
90638,3.5186434,2.7462163,3.3570743
90639,3.5144587,2.7521527,3.3629785
90640,3.6039782,2.743174,3.3482
90650,3.5651627,2.7465296,3.3537517
90651,3.5615144,2.7376013,3.34163
90652,3.5641553,2.7346854,3.3480864
90660,3.568246,2.7507374,3.354123
90661,3.5771525,2.745188,3.3539274
90662,3.5753098,2.7417076,3.350844
90670,3.5588558,2.7519593,3.3475268
90671,3.5646956,2.7480845,3.3527937
90680,3.5434258,2.7457695,3.353799
90701,3.5479102,2.7664425,3.341288
90702,3.559332,2.7428596,3.357348
90703,3.5673614,2.7522027,3.3427875
90704,4.04165,2.7470703,3.3547266
90706,3.5939415,2.7576132,3.3444502
90707,3.606081,2.7441142,3.3524847
90710,3.7527285,2.757418,3.3575406
90711,3.7344608,2.7428465,3.345812
90712,3.6184325,2.7585154,3.3464394
90713,3.6049156,2.7423747,3.3534613
90714,3.6122773,2.7406104,3.3535583
90715,3.5606124,2.750081,3.3526506
90716,3.5663815,2.7565284,3.3576493
90717,3.7643926,2.748187,3.352384
90720,3.568663,2.755326,3.3466547
90721,3.575108,2.7521365,3.3550313
90723,3.6316733,2.7428534,3.349427
90731,3.75167,2.7441466,3.350438
90732,3.7792768,2.7495615,3.3514194
90733,3.7547712,2.75322,3.3532395
90734,3.7439194,2.7502787,3.3448384
90740,3.6053724,2.742423,3.3502164
90742,3.6260352,2.7565658,3.364184
90743,3.6041114,2.7590187,3.352188
90744,3.7345293,2.7501907,3.3484888
90745,3.7204127,2.7518673,3.3555253
90746,3.7124662,2.7454636,3.3481777
90747,3.6984339,2.7498417,3.3500915
90748,3.7201028,2.753476,3.3534765
90749,3.7489626,2.7546613,3.3444262
90755,3.6495168,2.7450225,3.3589387
90801,3.675776,2.750651,3.3581197
90802,3.6737194,2.7451363,3.3481834
90803,3.6296031,2.745328,3.3468053
90804,3.6279793,2.7454042,3.3469357
90805,3.6542284,2.7545114,3.3502297
90806,3.6650677,2.7506864,3.3516285
90807,3.6455884,2.7462192,3.3468208
90808,3.6021707,2.7573256,3.3494678
90809,3.753343,2.754725,3.351433
90810,3.697739,2.749079,3.3537447
90813,3.644524,2.7476437,3.3427186
90814,3.6500282,2.7530198,3.349146
90815,3.6023896,2.7467127,3.351422
90822,3.623851,2.7537773,3.3524323
90831,3.7038085,2.7587562,3.3476171
90832,3.6811562,2.748655,3.3549874
90833,3.6675076,2.7497754,3.3459008
90834,3.6700816,2.7479935,3.3493352
90835,3.6674805,2.7569094,3.350952
90840,3.6198041,2.7515287,3.3558636
90842,3.736566,2.7575438,3.343804
90844,3.6620057,2.7456243,3.3542354
90846,3.6452599,2.7525597,3.344276
90847,3.7469292,2.7443666,3.337634
90848,3.7351687,2.7489717,3.341218
90853,3.745998,2.7591665,3.35767
90895,3.6867414,2.743599,3.3477132
90899,3.6684709,2.7482789,3.3444204
91001,3.5974822,2.7402904,3.3502352
91003,3.589903,2.7438211,3.3539574
91006,3.5112462,2.7380686,3.3446445
91007,3.5619545,2.7529535,3.359212
91008,3.4946918,2.7483883,3.357714
91009,3.4882097,2.7434998,3.3562741
91010,3.487887,2.7456748,3.354643
91011,3.6370955,2.7425222,3.349496
91012,3.6196785,2.7393494,3.3450277
91016,3.5170617,2.7408886,3.3541393
91017,3.5099459,2.7402525,3.3498185
91020,3.647502,2.7557547,3.3519359
91021,3.626965,2.74154,3.3475065
91023,3.5543563,2.7317545,3.3490243
91024,3.549638,2.7394645,3.356907
91025,3.5360274,2.7459984,3.3563597
91030,3.5777512,2.7551184,3.3433924
91031,3.5894372,2.7494836,3.3541791
91040,3.7551556,2.736327,3.339359
91041,3.724172,2.7352884,3.353354
91042,3.7211251,2.7336397,3.3481922
91043,3.716563,2.74055,3.3422363
91046,3.6951451,2.727818,3.3590658
91066,3.528797,2.7326674,3.3575408
91077,3.5338845,2.7395995,3.348752
91101,3.5844245,2.737758,3.3580866
91102,3.5939085,2.740704,3.3484752
91103,3.6148005,2.7369175,3.360075
91104,3.5806506,2.742137,3.3635745
91105,3.6181433,2.742752,3.3458118
91106,3.5960026,2.744118,3.358504
91107,3.5591836,2.742436,3.3471532
91108,3.5724714,2.7468705,3.3405726
91109,3.6052468,2.7385073,3.3496923
91110,3.6103067,2.743121,3.354291
91114,3.596652,2.7374861,3.3534713
91115,3.6079211,2.7385306,3.348127
91116,3.5994327,2.737371,3.3578434
91117,3.5939813,2.7397869,3.3557608
91118,3.575242,2.7407715,3.3552403
91121,3.6024866,2.7448025,3.3500097
91123,3.5962732,2.739461,3.3575468
91124,3.5969927,2.7286706,3.3572414
91125,3.6042786,2.737841,3.3501208
91126,3.5940006,2.7391002,3.3602645
91129,3.5911613,2.7330136,3.3472643
91182,3.5870872,2.7262158,3.35852
91184,3.5879653,2.7491746,3.3573077
91185,3.576632,2.754104,3.3489616
91188,3.6129313,2.7436016,3.3483315
91189,3.5745676,2.743001,3.3547184
91199,3.5989604,2.7397845,3.3484774
91201,3.7258127,2.7389553,3.3509731
91202,3.6989212,2.7411609,3.3508978
91203,3.689922,2.7493565,3.357077
91204,3.6961682,2.7443917,3.3421347
91205,3.6740358,2.744094,3.3612788
91206,3.6625936,2.7436066,3.3492985
91207,3.6643877,2.7258065,3.3481753
91208,3.6676736,2.7336233,3.3519433
91209,3.6697476,2.7469285,3.3551025
91210,3.688871,2.7359228,3.3503199
91214,3.6867743,2.7273245,3.3540103
91221,3.6866357,2.7342854,3.354404
91222,3.6876447,2.7434628,3.3580198
91224,3.6657672,2.7346954,3.3485405
91225,3.6559732,2.7465854,3.350071
91226,3.6705506,2.750505,3.3544106
91301,4.211519,2.7467992,3.3602529
91302,4.055923,2.7402573,3.345631
91303,3.9853525,2.7273808,3.3582888
91304,4.0080338,2.742284,3.352025
91305,3.997741,2.7305622,3.3572373
91306,3.9789348,2.742383,3.3594587
91307,4.027901,2.7430742,3.354357
91308,4.045958,2.7418423,3.3575785
91309,3.9905217,2.7416058,3.3468869
91310,4.0723,2.722205,3.3567796
91311,4.0120707,2.7321856,3.348095
91313,4.0068736,2.7308378,3.3518836
91316,3.8944182,2.74127,3.3557925
91319,4.3724027,2.738772,3.355499
91320,4.396755,2.749817,3.3565266
91321,3.94237,2.7295525,3.3566582
91322,3.9621572,2.7273815,3.3558257
91324,3.961052,2.7338703,3.3487995
91325,3.9364612,2.7410088,3.3530014
91326,3.9779449,2.733376,3.3495278
91327,3.9299893,2.7300525,3.3486266
91328,3.9476209,2.728428,3.3427038
91329,3.9378262,2.742698,3.3486464
91330,3.9239454,2.7282386,3.3499403
91331,3.8265097,2.731654,3.3549914
91333,3.8345385,2.73346,3.3499365
91334,3.8404763,2.7349079,3.3601613
91335,3.9304557,2.7382162,3.3496678
91337,3.9318323,2.7379978,3.3535004
91340,3.845668,2.735003,3.3438575
91341,3.8394716,2.7222788,3.341309
91342,3.8530972,2.7220488,3.3468497
91343,3.8970394,2.7377403,3.3538275
91344,3.9103703,2.7423115,3.344889
91345,3.8626237,2.7317924,3.3460593
91346,3.887162,2.7373278,3.3459594
91350,3.9412522,2.7232125,3.342792
91351,3.9093401,2.7244453,3.3470616
91352,3.777595,2.733301,3.3562193
91353,3.7895226,2.7417321,3.3482199
91354,3.9740317,2.715668,3.3531795
91355,3.9828112,2.7324064,3.350879
91356,3.9237537,2.7361283,3.3536398
91357,3.9397604,2.7447052,3.344604
91358,4.2791057,2.7422395,3.3606822
91359,4.256534,2.7543263,3.3525338
91360,4.330394,2.741463,3.3500466
91361,4.2863665,2.7359374,3.350599
91362,4.263187,2.7467835,3.355399
91364,3.98899,2.7288196,3.353
91365,4.013143,2.7364542,3.3622177
91367,4.0148106,2.7338407,3.3425937
91371,3.9921656,2.7418377,3.3580978
91372,4.0628,2.7438347,3.338275
91376,4.201069,2.7447405,3.3498623
91377,4.17729,2.7469628,3.356084
91380,3.96071,2.7262516,3.3528843
91381,4.027739,2.7265143,3.3515255
91382,3.9706855,2.7338638,3.3491497
91383,3.9632053,2.7226062,3.3504262
91384,4.1023707,2.7205505,3.3510816
91385,4.063633,2.7261286,3.3461478
91386,3.9084315,2.7314131,3.3449376
91387,3.8635411,2.7301028,3.3582072
91390,3.9787078,2.7164342,3.3530579
91392,3.87545,2.7261188,3.3434234
91393,3.898006,2.740683,3.3568416
91394,3.9199185,2.736491,3.3484626
91395,3.8776503,2.7402487,3.3454485
91396,3.9837444,2.7320976,3.3516064
91401,3.8146622,2.7417426,3.349902
91402,3.860411,2.7385812,3.3605356
91403,3.8438265,2.743236,3.3434985
91404,3.8390727,2.7330053,3.3482895
91405,3.844736,2.7321584,3.3403034
91406,3.8742032,2.7392137,3.352706
91407,3.8400922,2.7381706,3.3409982
91408,3.850562,2.7391474,3.3535573
91409,3.8496797,2.7349887,3.361601
91410,3.8565774,2.7358286,3.3524835
91411,3.842516,2.7353506,3.361702
91412,3.8450167,2.7315097,3.3422086
91413,3.8284736,2.7440164,3.3561344
91416,3.8922768,2.7382054,3.3529665
91423,3.8476348,2.741744,3.3482733
91426,3.9029083,2.738641,3.3603935
91436,3.8845425,2.7353735,3.351311
91470,3.8409784,2.7403107,3.3614976
91482,3.85026,2.738376,3.3483005
91495,3.8688865,2.7398794,3.3507051
91496,3.8541565,2.734489,3.3461685
91499,3.839685,2.7419443,3.34529
91501,3.7197204,2.7297978,3.354462
91502,3.712668,2.7339284,3.3479233
91503,3.7179565,2.750503,3.3498194
91504,3.7363412,2.7319536,3.3496919
91505,3.7539,2.733284,3.3547893
91506,3.7489178,2.7473657,3.3485062
91507,3.7150054,2.7434034,3.3520582
91508,3.742478,2.7324176,3.361517
91510,3.7338321,2.739348,3.3610861
91521,3.6940134,2.7504838,3.3585389
91522,3.7318926,2.7279563,3.3487444
91523,3.71974,2.740986,3.3560262
91526,3.711007,2.730425,3.3500621
91601,3.787666,2.7436128,3.357377
91602,3.7715554,2.7374523,3.3521886
91603,3.7862573,2.730279,3.3521998
91604,3.7904322,2.7438557,3.3532648
91605,3.806466,2.7430236,3.3554401
91606,3.7865102,2.7259169,3.3573456
91607,3.8117905,2.7434313,3.3545418
91608,3.765832,2.7310376,3.3573391
91609,3.7860644,2.7401266,3.3504298
91610,3.7510653,2.7428958,3.3472161
91611,3.7770338,2.7424488,3.3541355
91612,3.7867892,2.740343,3.358474
91614,3.792829,2.7446215,3.353753
91615,3.7829387,2.740852,3.35325
91616,3.7873888,2.7333527,3.3608136
91617,3.7905276,2.7432063,3.349885
91618,3.7904272,2.732012,3.3500328
91701,3.371758,2.7440994,3.3562772
91702,3.438797,2.7438574,3.3506002
91706,3.490258,2.7518475,3.345158
91708,3.3683023,2.741819,3.3558755
91709,3.4117937,2.746708,3.3513496
91710,3.378441,2.754701,3.3584375
91711,3.3941674,2.7475972,3.3671281
91714,3.4895687,2.7524745,3.3594553
91715,3.4740107,2.7530842,3.3491402
91716,3.4965723,2.744725,3.3553298
91722,3.4582841,2.7495081,3.3456366
91723,3.4549475,2.7453074,3.350226
91724,3.4369073,2.7509155,3.3508477
91729,3.3498669,2.7436786,3.3585935
91730,3.3478875,2.7478049,3.3560643
91731,3.5257819,2.7391853,3.3505306
91732,3.5072107,2.7469618,3.3548477
91733,3.5162208,2.7477922,3.3494155
91734,3.527072,2.7499905,3.3470755
91735,3.5263991,2.7472692,3.3619146
91737,3.3649008,2.741672,3.3586059
91739,3.3633318,2.750529,3.3557062
91740,3.4474676,2.7507133,3.3558676
91741,3.451344,2.7488267,3.3561292
91743,3.3276577,2.7395606,3.3533723
91744,3.4563923,2.7555878,3.3579347
91745,3.4682777,2.7506971,3.3545253
91746,3.4903212,2.7460208,3.349946
91747,3.4817617,2.7424996,3.3557377
91748,3.464445,2.7525976,3.3539767
91749,3.4961073,2.7386968,3.3498516
91750,3.4019542,2.740872,3.346223
91752,3.3386188,2.7617843,3.3554134
91754,3.5892198,2.7494185,3.3474905
91755,3.5652575,2.7484164,3.3469956
91756,3.5887785,2.7444048,3.352719
91758,3.3624275,2.740003,3.3612123
91759,3.3758707,2.738328,3.366685
91761,3.355149,2.7564912,3.3565464
91762,3.3695948,2.75018,3.3578668
91763,3.3733375,2.7447715,3.3472288
91764,3.3629093,2.758183,3.3589745
91765,3.407468,2.7475302,3.3475718
91766,3.3929346,2.7486026,3.3523433
91767,3.4031892,2.7608428,3.3603573
91768,3.407638,2.7494957,3.3535185
91769,3.387781,2.7459412,3.3617077
91770,3.55661,2.753218,3.3490937
91771,3.5498044,2.7470202,3.3631961
91772,3.5706673,2.7488859,3.3542655
91773,3.4175014,2.7458358,3.354618
91775,3.5592856,2.730526,3.3571727
91776,3.5423796,2.7504895,3.3570828
91778,3.5638533,2.7431028,3.3515608
91780,3.544628,2.7478716,3.3551478
91784,3.3679442,2.755591,3.3525329
91785,3.3720894,2.7484326,3.359902
91786,3.3877563,2.75354,3.353459
91788,3.4343038,2.7521398,3.361516
91789,3.4524612,2.7512102,3.3535955
91790,3.4696147,2.7540765,3.351008
91791,3.463309,2.7460785,3.3405883
91792,3.437804,2.7443695,3.358338
91793,3.4761453,2.7437363,3.346305
91801,3.5845938,2.7495656,3.3468387
91802,3.5705612,2.7392204,3.3469346
91803,3.5916948,2.739554,3.3570235
91804,3.5690107,2.7505023,3.35588
91896,3.5710316,2.7435796,3.3520303
91899,3.5697656,2.7426763,3.3467379
91901,4.233463,2.761121,3.3465996
91902,4.5022645,2.7640738,3.3600063
91903,4.202171,2.7572653,3.3522146
91905,4.683679,2.7407794,3.361597
91906,4.7143903,2.77232,3.3738654
91908,4.490642,2.7669568,3.3481946
91909,4.517334,2.765059,3.3714728
91910,4.517271,2.7693574,3.3673623
91911,4.531965,2.7638454,3.353496
91912,4.512778,2.7668486,3.35654
91913,4.509207,2.7581973,3.3700593
91914,4.506552,2.7656465,3.3564827
91915,4.5584335,2.763168,3.3602884
91916,4.254804,2.754582,3.3603992
91917,4.651768,2.759657,3.364428
91921,4.5022144,2.7560327,3.3653345
91931,4.2810354,2.757311,3.3504486
91932,4.6028175,2.7572997,3.3574758
91933,4.60414,2.7606406,3.3614721
91934,4.8054137,2.7527094,3.3637795
91935,4.479727,2.7708132,3.3615534
91941,4.3701797,2.7697513,3.37017
91942,4.1889367,2.7617056,3.3569071
91943,4.3625817,2.7603922,3.3635244
91944,4.3396916,2.7575598,3.3594983
91945,4.4164305,2.7615585,3.3675737
91946,4.373944,2.766902,3.3630867
91948,4.3459663,2.761009,3.3481457
91950,4.4581895,2.7618892,3.3588123
91951,4.4544573,2.7668943,3.366315
91962,4.320654,2.7626429,3.3553455
91963,4.683395,2.7626133,3.3671653
91976,4.38726,2.7591166,3.353877
91977,4.409855,2.7614172,3.3631701
91978,4.404177,2.7630713,3.3617957
91979,4.374662,2.7587416,3.3571815
91980,4.7347894,2.764771,3.3642457
91987,4.7647896,2.7600868,3.3726516
92003,3.642235,2.747458,3.3628318
92004,4.1256347,2.7527232,3.369179
92007,3.876608,2.7590418,3.3482795
92008,3.752237,2.7632394,3.3628983
92009,3.7890623,2.7569902,3.359486
92010,3.71647,2.7590897,3.3580863
92011,3.764786,2.7724137,3.3618307
92013,3.7464082,2.7565942,3.350775
92014,3.922065,2.7567317,3.3509302
92018,3.751141,2.7574854,3.3512628
92019,4.2145615,2.767148,3.3564148
92020,4.185009,2.765958,3.351336
92021,4.176996,2.7515876,3.3542106
92022,4.1975884,2.7583675,3.3555179
92023,3.8624022,2.7528386,3.351245
92024,3.8394964,2.756793,3.3649964
92025,3.8141394,2.76296,3.3609521
92026,3.777717,2.7508214,3.352482
92027,3.7945492,2.7588503,3.353972
92028,3.56055,2.7554111,3.362409
92029,3.819107,2.7518735,3.3510988
92030,3.8161414,2.762478,3.3493292
92033,3.799701,2.7684166,3.3512592
92036,4.0808825,2.7618299,3.3477755
92037,4.0747185,2.7688212,3.3542304
92038,4.0765877,2.7645655,3.3554466
92039,4.0477867,2.7587543,3.357461
92040,4.1277375,2.7635005,3.3489878
92046,3.7964358,2.7479482,3.3526118
92049,3.6936128,2.7645907,3.358603
92051,3.6935954,2.7631276,3.355337
92052,3.6909852,2.7529008,3.3624406
92054,3.6716857,2.767008,3.3459508
92055,3.6676576,2.7647238,3.3590586
92056,3.7050643,2.7563329,3.3623426
92057,3.6743138,2.7601283,3.366555
92058,3.7161376,2.7593038,3.349228
92059,3.6076267,2.755673,3.354217
92060,3.7031522,2.7449722,3.3542428
92061,3.6841066,2.7594242,3.355148
92064,3.9623406,2.7720199,3.3492827
92065,3.9648836,2.7587516,3.357318
92066,3.9822898,2.7628233,3.3477626
92067,3.9009595,2.7605073,3.3593674
92068,3.68633,2.760826,3.3558593
92069,3.7479365,2.7611547,3.3470178
92070,3.953412,2.7574537,3.350887
92071,4.117823,2.754624,3.3549218
92072,4.115357,2.760615,3.3607602
92074,3.9894667,2.760015,3.358468
92075,3.900527,2.7654626,3.356051
92078,3.7792206,2.7619734,3.3506076
92079,3.7724402,2.7519,3.3574831
92081,3.7358801,2.7597764,3.3616912
92082,3.7091796,2.7531874,3.3497074
92083,3.7107832,2.7609687,3.3516743
92084,3.6933684,2.754325,3.351466
92085,3.7101536,2.753983,3.3552432
92086,3.8150215,2.7536821,3.3517923
92088,3.567484,2.758456,3.3547268
92091,3.9883633,2.7528038,3.3603182
92092,4.0791163,2.7610717,3.3427374
92093,4.08447,2.7697935,3.3587613
92096,3.7769966,2.7506933,3.357665
92101,4.37665,2.7724366,3.3556747
92102,4.407066,2.7638514,3.36036
92103,4.3438096,2.7573917,3.3542218
92104,4.333772,2.7609184,3.3592033
92105,4.349547,2.7661908,3.3667405
92106,4.358718,2.765882,3.3603413
92107,4.336155,2.7695591,3.3589249
92108,4.3087564,2.7686079,3.3596504
92109,4.267764,2.7584407,3.3576725
92110,4.3071733,2.7638047,3.361144
92111,4.275407,2.7613525,3.35161
92112,4.401929,2.7695637,3.3597634
92113,4.4198318,2.7771323,3.3631577
92114,4.4270086,2.7780929,3.3617952
92115,4.338393,2.7652533,3.3643494
92116,4.3444357,2.7680936,3.3599339
92117,4.098689,2.764504,3.3561015
92118,4.435505,2.7598057,3.3553882
92119,4.157416,2.7641535,3.3471704
92120,4.145169,2.7544072,3.3596091
92121,4.016651,2.7644398,3.3532267
92122,4.061413,2.7703028,3.361152
92123,4.143819,2.7574008,3.352991
92124,4.125174,2.7604012,3.3574238
92126,3.990646,2.7563229,3.3498664
92127,3.8909302,2.7597437,3.35604
92128,3.903517,2.7620492,3.3491774
92129,3.946638,2.7689433,3.355754
92130,3.957743,2.7594113,3.3535361
92131,4.0286813,2.7672138,3.3570704
92132,4.517307,2.764751,3.352292
92134,4.3719563,2.753612,3.3505597
92135,4.3992085,2.7700675,3.3607366
92136,4.45088,2.77106,3.356095
92137,4.0688176,2.7596612,3.3617706
92138,4.3908577,2.7591298,3.3566616
92139,4.472291,2.762981,3.3594604
92140,4.331482,2.7696269,3.3657384
92142,4.3820353,2.7641602,3.3583782
92143,3.9116058,2.7534807,3.3472197
92145,4.036593,2.761362,3.3594565
92147,4.4128046,2.773144,3.357844
92149,4.4036293,2.7663624,3.3526332
92150,4.3768725,2.7639403,3.3652925
92152,4.395639,2.760244,3.3589206
92153,4.3797865,2.7630298,3.360555
92154,4.607252,2.7683687,3.362586
92155,4.4581738,2.7647846,3.3499544
92158,4.401221,2.757576,3.3601642
92159,4.3857365,2.778602,3.3528152
92160,4.3905306,2.7630873,3.3621168
92161,4.068959,2.768065,3.3634524
92163,4.385857,2.758338,3.3624241
92165,4.3756614,2.7639575,3.3487952
92166,4.3909097,2.7562175,3.3593335
92167,4.3978667,2.7653387,3.3591394
92168,4.3917375,2.7693415,3.3554316
92169,4.3878503,2.7642999,3.3535771
92170,4.3830895,2.7553217,3.3593833
92171,4.3959794,2.7658067,3.3566866
92172,4.3907876,2.7624278,3.3533719
92173,4.662151,2.7692032,3.3612325
92174,4.383883,2.7722993,3.3623164
92175,4.3784947,2.7671552,3.353609
92176,4.3777156,2.7698941,3.3586404
92177,4.3642516,2.7569196,3.3484979
92178,4.403608,2.7736788,3.3558316
92179,4.385261,2.7619104,3.359627
92182,4.3227854,2.7538793,3.3573403
92186,4.3748913,2.7600176,3.3582149
92187,4.407543,2.7539215,3.3558168
92190,4.398374,2.7682095,3.3522067
92191,4.3820176,2.768278,3.352646
92192,4.385736,2.7613842,3.363909
92193,4.3875155,2.7650406,3.3548543
92195,4.3883605,2.772776,3.3497658
92196,4.3778834,2.76059,3.359569
92197,4.4149284,2.7572165,3.3517148
92198,4.3897333,2.7699757,3.3569703
92199,4.3442945,2.76216,3.3568363
92201,3.966229,2.7522347,3.3739383
92202,4.1462064,2.7573225,3.3678496
92203,3.9006035,2.7523758,3.370698
92210,3.8571773,2.7397056,3.3698728
92211,3.8459938,2.7500186,3.3680608
92220,3.4379454,2.7538583,3.3480172
92222,6.3908105,2.7574224,3.3595262
92223,3.4285264,2.7585273,3.3532457
92225,6.396793,2.7382293,3.3704531
92226,6.3520265,2.7401173,3.3694112
92227,5.1674223,2.748568,3.3573983
92230,3.5013158,2.7578242,3.3450062
92231,5.3520656,2.7431,3.3661792
92232,5.3524046,2.7555728,3.3659494
92233,5.0950665,2.7493193,3.3672884
92234,3.708262,2.750074,3.3664145
92235,3.738238,2.7459416,3.3745794
92236,4.0048733,2.7495391,3.3641353
92239,5.141983,2.746157,3.3772655
92240,3.6776297,2.7491093,3.367223
92241,3.8249886,2.7397969,3.3658538
92242,6.971772,2.7506325,3.3736424
92243,5.20873,2.7453203,3.3701222
92244,5.070376,2.7454808,3.3677297
92247,3.9124334,2.7535765,3.370121
92248,3.9031959,2.751122,3.3709223
92249,5.3928466,2.7530415,3.371364
92250,5.4262786,2.756178,3.3642395
92251,5.156544,2.7475507,3.3686407
92252,3.8847134,2.7512019,3.3648517
92253,3.8841527,2.7530122,3.368588
92254,4.2198367,2.7499075,3.3733957
92255,3.8097224,2.74174,3.3793173
92256,3.6512947,2.7488623,3.3602982
92257,4.7453895,2.7406821,3.3728642
92258,3.6719031,2.7565672,3.3667786
92259,4.8388877,2.7510788,3.3630772
92260,3.8189783,2.7432008,3.3726642
92261,3.788778,2.7472813,3.3702428
92262,3.6752357,2.750081,3.3668005
92263,3.6934733,2.741721,3.3440952
92264,3.6886594,2.7528331,3.3702338
92266,6.20371,2.7392979,3.3653493
92267,7.2731595,2.7543523,3.370443
92268,3.751183,2.7500298,3.3646524
92270,3.7705286,2.7487335,3.3708715
92273,5.089282,2.7452507,3.3592637
92274,4.0646396,2.735937,3.3682518
92275,4.440032,2.7452664,3.3706625
92276,3.819909,2.7566607,3.378987
92277,4.1532154,2.7447755,3.3755543
92278,4.1976624,2.7455404,3.3733726
92280,6.5480847,2.7500768,3.3731081
92281,5.028616,2.7472634,3.3670487
92282,3.584507,2.7488441,3.3500147
92283,6.2685866,2.7627044,3.3609118
92284,3.774877,2.750051,3.362836
92285,3.7517285,2.7397547,3.372837
92286,3.8605256,2.744185,3.37325
92301,3.5630722,2.7437227,3.356842
92304,4.7304955,2.7481167,3.3627682
92305,3.4212418,2.7399745,3.3531127
92307,3.4645069,2.744169,3.3412306
92308,3.4381967,2.7420297,3.3550618
92309,4.924733,2.7537274,3.3684027
92310,4.38887,2.7539403,3.3592205
92311,3.858244,2.7588108,3.3643768
92312,3.8709157,2.7497008,3.3567529
92313,3.3435767,2.7488801,3.3580325
92314,3.496335,2.7466764,3.3530316
92315,3.4703114,2.7478492,3.3503923
92316,3.3456454,2.7460392,3.367768
92317,3.3997142,2.740386,3.3511512
92318,3.3658743,2.7589676,3.3529153
92320,3.3943727,2.7473063,3.3492193
92321,3.383316,2.7472982,3.3527958
92322,3.371343,2.7413983,3.3526738
92323,5.440986,2.742707,3.3685095
92324,3.3279345,2.749886,3.3595653
92325,3.3430781,2.748338,3.3466036
92327,3.8956873,2.760415,3.3564892
92328,6.0504017,2.7436025,3.3587477
92329,3.4363897,2.7411757,3.358534
92331,3.340768,2.7349212,3.35519
92332,4.955813,2.756791,3.3731334
92333,3.4432158,2.7334356,3.3449764
92334,3.3400424,2.7486823,3.3572183
92335,3.3461137,2.7485352,3.354468
92336,3.3265383,2.7440233,3.3492718
92337,3.3296537,2.7432117,3.3559666
92338,4.3116326,2.7405372,3.3695047
92339,3.4369576,2.752111,3.3514931
92340,3.408132,2.739641,3.3595915
92341,3.4034636,2.7414627,3.3547752
92342,3.6778073,2.7406545,3.3598237
92344,3.4006324,2.7390938,3.359667
92345,3.4137228,2.7547128,3.3503487
92346,3.3534725,2.7442977,3.3553958
92347,3.8732677,2.7557251,3.3625221
92350,3.3203576,2.7442093,3.3622456
92352,3.3792963,2.7460723,3.3516388
92354,3.35179,2.7438903,3.3552752
92356,3.5175161,2.7422848,3.3417616
92357,3.3415453,2.7502182,3.3576608
92358,3.373166,2.742998,3.3525581
92359,3.3845098,2.7363153,3.3594315
92363,6.5564137,2.7575238,3.366442
92364,5.533861,2.7498972,3.3499959
92365,3.994771,2.742858,3.3630939
92366,5.271351,2.759489,3.3442175
92368,3.5853925,2.7380974,3.3589928
92369,3.350048,2.7474127,3.3523211
92371,3.4513547,2.7510095,3.367099
92372,3.4357548,2.7438505,3.3603053
92373,3.3629117,2.7485034,3.3568702
92374,3.3667097,2.7481542,3.350706
92375,3.3494627,2.7419212,3.356875
92376,3.3449774,2.7530584,3.357074
92377,3.3203585,2.7490346,3.3616538
92378,3.354953,2.7473774,3.3553417
92382,3.3733637,2.7518132,3.3533978
92384,5.285336,2.7419958,3.362252
92385,3.3840837,2.7563806,3.346439
92386,3.480088,2.7471302,3.3529027
92389,5.538231,2.7541623,3.3621254
92391,3.3688495,2.7453513,3.3467338
92392,3.455314,2.737576,3.357441
92393,3.505426,2.7535856,3.3556647
92394,3.5162382,2.7380877,3.360256
92395,3.436007,2.7427955,3.359761
92397,3.427775,2.74505,3.3560078
92398,3.9719026,2.7561696,3.363594
92399,3.3996418,2.7455156,3.3495903
92401,3.330926,2.7507617,3.3577766
92402,3.335671,2.7540653,3.3625097
92403,3.338151,2.7483048,3.3568025
92404,3.3403025,2.7384553,3.347064
92405,3.3505793,2.7463858,3.3598242
92406,3.3375363,2.7410865,3.34698
92407,3.3559659,2.7509196,3.3562899
92408,3.3587809,2.754673,3.352952
92410,3.3352656,2.7502954,3.3578494
92411,3.3298345,2.745387,3.3615549
92413,3.3230126,2.739584,3.351715
92415,3.3633916,2.748137,3.3602724
92418,3.349297,2.7529492,3.3606532
92423,3.3554952,2.751611,3.3644629
92427,3.3404906,2.7388635,3.3588946
92501,3.3441896,2.7467647,3.3582659
92502,3.3582702,2.757632,3.360649
92503,3.3398602,2.7418342,3.3546262
92504,3.3499544,2.7596557,3.3574314
92505,3.3530831,2.7474363,3.3539798
92506,3.3246837,2.7494607,3.3485267
92507,3.3422678,2.7532837,3.3533702
92508,3.3668582,2.751614,3.352153
92509,3.3186114,2.7492359,3.3481228
92513,3.3263788,2.7559094,3.3554277
92514,3.337427,2.7563741,3.3576906
92515,3.334067,2.7501426,3.352449
92516,3.348477,2.748119,3.3648777
92517,3.35635,2.7380831,3.3503277
92518,3.3392708,2.7465014,3.3548965
92519,3.3500946,2.7503865,3.3635209
92521,3.3590336,2.7476728,3.3558443
92522,3.3494947,2.7497852,3.3543315
92530,3.4176886,2.7555382,3.345425
92531,3.4117544,2.7433887,3.3538558
92532,3.4210393,2.7561693,3.3582213
92536,3.672646,2.7559361,3.3482502
92539,3.651044,2.7502024,3.3417726
92543,3.4685574,2.7602525,3.3511734
92544,3.4802887,2.7585733,3.34148
92545,3.4697032,2.745741,3.3503757
92546,3.4653094,2.753982,3.35182
92548,3.4141865,2.7617087,3.3494158
92549,3.5916717,2.7507331,3.3495135
92551,3.3680892,2.745703,3.3536682
92552,3.3771746,2.7522542,3.3485992
92553,3.3503006,2.7510412,3.3580263
92554,3.3469214,2.749637,3.363892
92555,3.3652217,2.7490046,3.353122
92556,3.352459,2.7558274,3.349549
92557,3.3563156,2.7504501,3.3571339
92561,3.5956326,2.7573757,3.3573062
92562,3.4688754,2.7474725,3.3493466
92563,3.4941154,2.7632675,3.3523116
92564,3.478279,2.7537658,3.3526316
92567,3.411999,2.7477999,3.3570068
92570,3.373658,2.7429914,3.3524075
92571,3.4013617,2.7422767,3.3639245
92572,3.3885825,2.7452688,3.3530524
92581,3.480003,2.7507575,3.3471692
92582,3.4542365,2.7511184,3.3500183
92583,3.4763417,2.7508764,3.343421
92584,3.4337378,2.758902,3.3567526
92585,3.4220371,2.7578387,3.3540742
92586,3.4414473,2.7452822,3.3511007
92587,3.4190838,2.7533932,3.3449514
92589,3.520177,2.759023,3.3490028
92590,3.5271258,2.769142,3.355327
92591,3.4973128,2.7626102,3.3481073
92592,3.5506546,2.7464416,3.3452587
92593,3.5370798,2.7542756,3.3509858
92595,3.4571896,2.7615123,3.3509042
92596,3.4779851,2.7524972,3.3519554
92599,3.3916085,2.771444,3.3561509
92602,3.4543066,2.749353,3.3579319
92603,3.5102718,2.7496233,3.364811
92604,3.4845119,2.7482045,3.3542075
92605,3.58138,2.7565238,3.3462403
92606,3.4812732,2.7558308,3.3546362
92607,3.517029,2.7418408,3.3563316
92609,3.483321,2.7544942,3.367164
92610,3.453304,2.7506313,3.3611612
92612,3.5085309,2.7675939,3.3505738
92614,3.4992177,2.743454,3.347502
92615,3.5636387,2.7521453,3.3556614
92616,3.5354977,2.7397916,3.3511312
92617,3.5209138,2.7547364,3.3482594
92618,3.4434528,2.7527616,3.3546693
92619,3.4857235,2.7510116,3.3588817
92620,3.4777157,2.7596655,3.350715
92623,3.496451,2.7490208,3.3466272
92624,3.5673354,2.7621143,3.3618867
92625,3.5519462,2.7535713,3.347572
92626,3.5325768,2.7540293,3.3460355
92627,3.5468578,2.7515287,3.3542202
92628,3.5474749,2.7609227,3.3594234
92629,3.5430663,2.7490091,3.3612053
92630,3.468491,2.75347,3.3542185
92637,3.496099,2.7548213,3.3542032
92646,3.5931451,2.7576027,3.351905
92647,3.5853488,2.752965,3.3542092
92648,3.5886872,2.7535968,3.3555331
92649,3.5836418,2.747576,3.3581724
92650,3.4965599,2.7428584,3.3545363
92651,3.5491312,2.7356339,3.3508832
92652,3.5640554,2.7581935,3.3530674
92653,3.5072503,2.7561507,3.354918
92654,3.5065548,2.7413216,3.3537662
92655,3.5473375,2.748987,3.3473115
92656,3.5075383,2.7452607,3.3577344
92657,3.5418391,2.7549496,3.3577666
92658,3.5357783,2.7599232,3.3597982
92659,3.554193,2.748199,3.350064
92660,3.5582364,2.7419825,3.3602247
92661,3.5629363,2.7661157,3.355572
92662,3.539144,2.7520306,3.357046
92663,3.5793781,2.7501583,3.3484862
92672,3.543423,2.7530193,3.3552263
92673,3.5526054,2.7526422,3.3547304
92674,3.5559497,2.7518847,3.353459
92675,3.5343323,2.7553806,3.3636386
92676,3.402206,2.7538373,3.3510804
92677,3.54301,2.7495155,3.348405
92678,3.4430768,2.7446082,3.358216
92679,3.4334507,2.755669,3.3421125
92683,3.5481722,2.7530727,3.3617752
92684,3.5785885,2.7489977,3.3523817
92685,3.5463552,2.7412536,3.353293
92688,3.4427207,2.7443876,3.3591447
92690,3.4665773,2.763575,3.3623595
92691,3.4906425,2.7564232,3.3536336
92692,3.4732943,2.7448907,3.359395
92693,3.5484927,2.7625024,3.3576357
92694,3.4936705,2.7526872,3.360334
92697,3.5151002,2.750165,3.355127
92698,3.5189302,2.7389512,3.3560703
92701,3.4851649,2.7489777,3.35028
92702,3.5101209,2.7555912,3.3579097
92703,3.517147,2.7469976,3.349182
92704,3.526992,2.7476227,3.3479583
92705,3.4360962,2.7486992,3.3517976
92706,3.4922895,2.7461388,3.34859
92707,3.4920936,2.7609391,3.3481307
92708,3.5422308,2.747206,3.3432734
92711,3.4628782,2.735437,3.356837
92712,3.4995656,2.75615,3.350912
92728,3.5453012,2.7536194,3.346146
92735,3.5090024,2.7627478,3.3520103
92780,3.4694204,2.746731,3.3517098
92781,3.473595,2.754741,3.3588693
92782,3.475026,2.754624,3.350781
92799,3.5456676,2.750497,3.3547337
92801,3.4997323,2.7457154,3.3549857
92802,3.4863403,2.7462535,3.3506482
92803,3.4975133,2.756434,3.3531532
92804,3.5133421,2.7498727,3.3565745
92805,3.4738193,2.7512994,3.3524382
92806,3.4541547,2.7481046,3.3579683
92807,3.40486,2.753045,3.3483548
92808,3.4155312,2.757889,3.3529513
92809,3.5125852,2.7475994,3.3595111
92811,3.4601,2.7524915,3.356247
92812,3.4884248,2.7485929,3.3635464
92814,3.5245163,2.766494,3.3576977
92815,3.4988472,2.7487125,3.3507342
92816,3.4610481,2.7433934,3.3505332
92817,3.427489,2.7526486,3.3495047
92821,3.4507256,2.740895,3.3465476
92822,3.4492278,2.7419424,3.3414125
92823,3.4114037,2.7472537,3.3449073
92825,3.517878,2.7469115,3.3532865
92831,3.4767687,2.7563164,3.3455157
92832,3.484948,2.7546873,3.3457599
92833,3.50154,2.744721,3.3508763
92834,3.4678564,2.7512822,3.358827
92835,3.476967,2.7484682,3.346179
92836,3.48048,2.7465124,3.3552592
92837,3.5197654,2.7584045,3.3564844
92838,3.4974835,2.747774,3.3457785
92840,3.5004883,2.7402852,3.3557115
92841,3.5436673,2.7468495,3.3540678
92842,3.5264437,2.7608697,3.350929
92843,3.5256202,2.7385213,3.3556325
92844,3.5358553,2.7482011,3.3534937
92845,3.557675,2.7490327,3.3505247
92846,3.5844204,2.7455766,3.353525
92850,3.5106108,2.743175,3.3551307
92856,3.4739544,2.7413542,3.3507674
92857,3.468196,2.763146,3.3532917
92859,3.4465575,2.7435205,3.3471951
92860,3.3555493,2.7561026,3.3512266
92861,3.4522238,2.756194,3.3560631
92862,3.4384437,2.7487872,3.358389
92863,3.4561017,2.7492676,3.3622794
92864,3.4661698,2.7585843,3.3600936
92865,3.4846473,2.7471836,3.3570044
92866,3.4788291,2.749563,3.3565483
92867,3.4670117,2.745479,3.3561513
92868,3.4926445,2.7545958,3.35668
92869,3.459341,2.745215,3.352708
92870,3.4531295,2.7461338,3.3513787
92871,3.447299,2.757037,3.3534353
92877,3.3686495,2.7497237,3.362492
92878,3.3648376,2.7580893,3.354723
92879,3.3441951,2.753856,3.3572752
92880,3.3849103,2.7527475,3.3635983
92881,3.366197,2.7546816,3.358438
92882,3.3836544,2.7575445,3.3486848
92883,3.395566,2.7330909,3.3533397
92885,3.4461737,2.749201,3.3603706
92886,3.429139,2.7420502,3.3665233
92887,3.4226825,2.7462516,3.358739
92899,3.4663231,2.753005,3.3540475
93001,5.0386977,2.7404017,3.3597693
93002,4.9621325,2.7466092,3.353563
93003,4.8300014,2.7418072,3.3580105
93004,4.730019,2.7397552,3.3543258
93005,4.927312,2.7426305,3.357747
93006,4.9137487,2.7319682,3.357267
93007,4.9506097,2.7377546,3.3556612
93009,4.7246866,2.736732,3.3497074
93010,4.582618,2.748639,3.3577468
93011,4.568063,2.7511003,3.3639698
93012,4.4836907,2.753684,3.3515482
93013,5.308602,2.7412071,3.3565893
93014,5.283055,2.7490616,3.3545399
93015,4.3758316,2.7364633,3.3535812
93016,4.399445,2.7386281,3.359113
93020,4.34319,2.7454329,3.3594162
93021,4.337054,2.7472217,3.3469527
93022,4.9445615,2.732014,3.3527913
93023,4.8724065,2.745758,3.3514361
93024,4.863423,2.7362967,3.3529212
93030,4.7634273,2.7398489,3.3551393
93031,4.7175817,2.7621617,3.3545346
93032,4.771042,2.7484007,3.358724
93033,4.7667747,2.7529776,3.3492494
93034,4.72676,2.741112,3.3528113
93035,4.8226557,2.742063,3.3562765
93036,4.7747245,2.750796,3.3604817
93040,4.247366,2.7265291,3.3459275
93041,4.795017,2.7411964,3.3643258
93042,4.6794195,2.7488043,3.3501165
93043,4.8224087,2.7446322,3.3506277
93044,4.809388,2.7455196,3.3604448
93060,4.6074133,2.7385597,3.3600254
93061,4.567495,2.7336857,3.3488193
93062,4.2077837,2.7394385,3.3637793
93063,4.1204367,2.728227,3.355096
93064,4.114635,2.734147,3.3536568
93065,4.1917253,2.7373545,3.3508184
93066,4.5110993,2.7305536,3.3620226
93067,5.436007,2.752961,3.3538997
93094,4.216948,2.7435975,3.3528304
93099,4.193343,2.7352998,3.3542938
93101,5.601002,2.748821,3.3520305
93102,5.612231,2.7396698,3.3513303
93103,5.5989985,2.7324436,3.347365
93105,5.6383066,2.741552,3.3530912
93106,5.817631,2.7484543,3.359872
93107,5.908816,2.7398932,3.3520923
93108,5.4674644,2.7367291,3.3517714
93109,5.635342,2.7488396,3.3504915
93110,5.708941,2.746288,3.3494356
93111,5.7662587,2.7415595,3.3571157
93116,5.8328505,2.7392428,3.3520117
93117,5.901931,2.7584298,3.3639061
93118,5.8440614,2.7459078,3.3519828
93120,5.623023,2.7402372,3.3568037
93121,5.6136928,2.7497087,3.3570437
93130,5.602702,2.7439146,3.3548918
93140,5.617341,2.7501647,3.3463445
93150,5.6290536,2.7439632,3.3487659
93160,5.603848,2.7455866,3.353201
93190,5.6086063,2.7394204,3.349433
93199,5.87273,2.7511802,3.352857
93201,5.7213025,2.7087588,3.3727405
93202,5.9442925,2.7388792,3.3499765
93203,4.7116346,2.68786,3.3686981
93204,6.034524,2.7454786,3.3553927
93205,4.853562,2.6733458,3.3591063
93206,5.45466,2.7000275,3.3813872
93207,5.2944303,2.6747646,3.3584588
93208,5.6235995,2.6649463,3.3568697
93210,6.0713353,2.7517545,3.347282
93212,5.8360553,2.7344084,3.3583636
93215,5.5012403,2.6865144,3.363344
93216,5.4812284,2.703592,3.3676493
93218,5.5165014,2.6841815,3.3651328
93219,5.593996,2.6923687,3.3593016
93220,4.8807464,2.6885676,3.3658044
93221,5.904473,2.7306445,3.3599136
93222,4.8759966,2.723726,3.3520546
93223,5.930079,2.7365892,3.3483589
93224,5.4900937,2.7146268,3.3754992
93225,4.703193,2.7215042,3.3515346
93226,5.1781535,2.6809494,3.3667688
93227,5.9470186,2.731592,3.3480253
93230,5.9660225,2.733386,3.342439
93232,5.9666147,2.7412865,3.3483107
93234,6.007257,2.7381349,3.3501055
93235,5.99284,2.719299,3.342847
93237,6.0711436,2.7283568,3.355452
93238,5.0855594,2.681133,3.3652217
93239,5.9877324,2.7357836,3.3602529
93240,4.9397016,2.6677167,3.368957
93241,4.820327,2.699977,3.3770938
93242,5.997293,2.7433689,3.3493602
93243,4.5382013,2.7124298,3.3470263
93244,6.1146193,2.7349064,3.3551235
93245,5.9584565,2.7398777,3.3523252
93246,5.985744,2.751485,3.3563485
93247,5.8097935,2.72296,3.352991
93249,5.762309,2.7199044,3.368393
93250,5.4291334,2.6870868,3.369367
93251,5.618319,2.7170799,3.3788028
93252,5.264508,2.707557,3.3817942
93254,5.7361016,2.7364945,3.3648703
93255,4.993024,2.7340937,3.3512163
93256,5.6483946,2.6874397,3.3756576
93257,5.6461935,2.6787899,3.3595953
93258,5.6202955,2.6790192,3.3596919
93260,5.226068,2.667032,3.3592422
93261,5.451507,2.6956096,3.364521
93262,6.179697,2.7344146,3.3556461
93263,5.366132,2.6929598,3.371887
93265,5.6722603,2.6769047,3.3558705
93266,5.942578,2.743668,3.3547394
93267,5.7491875,2.6906106,3.3555453
93268,5.3844514,2.7097406,3.3790278
93270,5.5576935,2.6799324,3.364631
93271,6.040648,2.7292244,3.356113
93272,5.7354245,2.736878,3.3668199
93274,5.8530107,2.7376583,3.3471506
93275,5.8703127,2.7256606,3.3510752
93276,5.3268056,2.7076488,3.376649
93277,5.9149837,2.7328143,3.3456316
93278,5.945314,2.7279468,3.3505175
93279,5.949424,2.7186084,3.3464785
93280,5.569883,2.711277,3.353331
93282,5.834051,2.736111,3.3538623
93283,4.8476186,2.675987,3.3605552
93285,5.012891,2.6802711,3.3694878
93286,6.025476,2.723058,3.3463247
93287,5.1828904,2.6715317,3.3616984
93290,5.9351606,2.7351542,3.3476288
93291,5.9897485,2.720887,3.3530104
93292,5.952165,2.7282007,3.344486
93301,5.04073,2.6939847,3.3782313
93302,5.0473547,2.7013223,3.369655
93303,4.8772445,2.7004864,3.3734381
93304,4.9969945,2.6985002,3.362554
93305,4.999593,2.6893528,3.3718166
93306,4.9674134,2.69319,3.3702872
93307,4.9623756,2.698218,3.3811102
93308,5.0835266,2.7056253,3.3724113
93309,5.0176663,2.7079227,3.379024
93311,5.0705285,2.6939697,3.376768
93312,5.1528344,2.6987016,3.3625796
93313,4.997681,2.6976318,3.3733048
93314,5.1706967,2.7000608,3.3744845
93380,4.8497944,2.6886404,3.3654401
93383,4.8647084,2.6907954,3.375178
93384,5.02891,2.6982603,3.3762062
93385,4.8937654,2.6917965,3.3663957
93386,4.8651457,2.697195,3.3762724
93387,4.8739886,2.6952612,3.3680012
93388,4.8491817,2.695753,3.3683856
93389,4.8812394,2.687067,3.3784628
93390,4.845893,2.6836536,3.378387
93401,6.711232,2.7544992,3.3644907
93402,6.8425064,2.7712784,3.3570142
93403,6.684222,2.761445,3.3610606
93405,6.7139673,2.7697854,3.3522918
93406,6.705326,2.7566488,3.355347
93407,6.6985455,2.754627,3.3567002
93408,6.6917205,2.7580287,3.3608775
93409,6.703165,2.7535658,3.36138
93410,6.440504,2.7555351,3.3669589
93412,6.8370414,2.7613747,3.3474352
93420,6.5592556,2.743431,3.3561666
93421,6.7344637,2.762988,3.3641324
93422,6.555578,2.767333,3.3428247
93423,6.682869,2.7578921,3.365707
93424,6.8470883,2.7606456,3.3591015
93426,6.613715,2.7668254,3.356516
93427,6.4649143,2.7465017,3.3528433
93428,6.8023825,2.7739995,3.3596077
93429,6.831691,2.746604,3.3593655
93430,6.7567244,2.7793064,3.3629615
93432,6.34787,2.750321,3.3622878
93433,6.7682195,2.7666786,3.3584764
93434,6.8004704,2.7454762,3.3530073
93435,6.7903113,2.7891755,3.3626266
93436,6.8531003,2.7477055,3.3622801
93437,6.9015737,2.7409406,3.3604617
93438,6.882135,2.7510781,3.3644238
93440,6.37362,2.743545,3.3600552
93441,6.2637258,2.755507,3.3548534
93442,6.789016,2.768749,3.356869
93443,6.806326,2.7729688,3.3495176
93444,6.6671557,2.7603846,3.3617942
93445,6.7471333,2.7564545,3.3627105
93446,6.4469485,2.766961,3.3554816
93447,6.5046844,2.749409,3.3597424
93448,6.7810187,2.7517943,3.3587174
93449,6.796001,2.744764,3.3547215
93450,6.362438,2.7520788,3.3579013
93451,6.3234305,2.7558358,3.3525372
93452,6.7231216,2.7849038,3.354142
93453,6.2026553,2.7475266,3.3576744
93454,6.6096992,2.7385578,3.356423
93455,6.7017984,2.7623649,3.3603463
93456,6.622519,2.7485316,3.354784
93457,6.65072,2.7520673,3.3568482
93458,6.717066,2.7540224,3.3613665
93460,6.1790133,2.7421906,3.3528843
93461,6.1741047,2.7419212,3.3493843
93463,6.4210787,2.7485547,3.3643708
93464,6.237925,2.751502,3.3518775
93465,6.497747,2.7560713,3.3523202
93475,6.759992,2.7508457,3.35929
93483,6.762477,2.750379,3.3629475
93501,4.184866,2.7322452,3.3448107
93502,4.220022,2.7449799,3.3425646
93504,4.2245617,2.7403507,3.3437662
93505,4.1693077,2.7431698,3.348361
93510,3.743606,2.7327673,3.3679123
93512,7.6981163,2.7443063,3.3501737
93513,7.104794,2.7344172,3.349061
93514,7.462442,2.7391267,3.3474045
93515,7.3079104,2.7430608,3.3419144
93516,3.9467587,2.7357886,3.3496594
93517,7.0930777,2.744862,3.3436449
93518,4.5871296,2.6781778,3.365385
93519,4.390326,2.7392166,3.3414934
93522,5.745255,2.7444792,3.3536153
93523,3.977415,2.7320547,3.3550813
93524,3.9598045,2.7519639,3.3420045
93526,6.6669006,2.7281759,3.348129
93527,4.8672442,2.740875,3.3508239
93528,4.4219685,2.7290287,3.347636
93529,7.053377,2.7455616,3.3425288
93530,6.0795093,2.7353368,3.362105
93531,4.5567102,2.6944695,3.368064
93532,4.111235,2.7148218,3.3433661
93534,3.7941535,2.730524,3.3751855
93535,3.7093902,2.7323198,3.358813
93536,4.0308332,2.7319663,3.3629324
93539,3.795436,2.7285137,3.3675299
93541,7.120474,2.7431703,3.3407397
93542,5.374041,2.7488081,3.3381934
93543,3.588317,2.7427442,3.3646963
93544,3.5122104,2.7393434,3.3571436
93545,6.2518597,2.7275157,3.3592558
93546,7.1740894,2.736464,3.3458729
93549,5.614475,2.7392714,3.349689
93550,3.6315207,2.737234,3.363723
93551,3.7961102,2.7360737,3.3663933
93552,3.6778176,2.7342253,3.362028
93553,3.5378602,2.7327561,3.3605459
93554,4.45329,2.7339838,3.3485904
93555,4.7911224,2.7474706,3.344634
93556,4.8161774,2.7511759,3.3469102
93558,4.3982053,2.741733,3.3525376
93560,4.058715,2.7238042,3.3711867
93561,4.3369045,2.6969416,3.350114
93562,5.008548,2.7613175,3.3628736
93563,3.4751718,2.7415955,3.365309
93581,4.3342257,2.7007294,3.3514798
93584,3.8041182,2.7399652,3.3645644
93586,3.8162534,2.7324748,3.3604069
93590,3.7222733,2.7365263,3.354159
93591,3.5816488,2.7317476,3.3620374
93592,5.0228114,2.7618878,3.3550262
93596,3.946242,2.739374,3.3497338
93599,3.719576,2.7326908,3.3680778
93601,6.189626,2.7429903,3.3244812
93602,6.3375316,2.7368596,3.3336475
93603,6.215973,2.7197633,3.3478985
93604,6.3571453,2.7363298,3.327978
93605,6.575553,2.7342167,3.3322608
93606,5.9050493,2.7525177,3.3341577
93607,5.9655275,2.7334976,3.3533008
93608,5.907108,2.746604,3.3404155
93609,5.9639645,2.7428265,3.350284
93610,5.661815,2.7491007,3.328025
93611,6.0943756,2.7393785,3.3324242
93612,6.090768,2.7380757,3.3251057
93613,6.0628037,2.7280674,3.3378913
93614,6.138562,2.7344608,3.3366237
93615,6.100198,2.7377696,3.3387518
93616,6.0973997,2.736025,3.3395638
93618,6.0646677,2.7329254,3.3363843
93619,6.092687,2.73231,3.3430214
93620,5.4536247,2.7598279,3.3255167
93621,6.3228064,2.7322836,3.3350115
93622,5.6461663,2.7456467,3.3361783
93623,6.3082576,2.7352312,3.319461
93624,5.972829,2.7390668,3.3449507
93625,6.0453033,2.74837,3.346489
93626,6.1599283,2.7306523,3.3293018
93627,5.9547267,2.755128,3.3440456
93628,6.3737354,2.7273607,3.3363748
93630,5.885099,2.7408302,3.3423164
93631,6.02375,2.7342734,3.3434827
93633,6.3594346,2.7201266,3.3409286
93634,6.6902943,2.7243154,3.3277664
93635,5.049284,2.7649431,3.3644936
93636,5.991212,2.7269478,3.3337872
93637,5.855162,2.7423127,3.3297725
93638,5.8685155,2.7371798,3.327236
93639,5.834071,2.7324884,3.3321266
93640,5.7511487,2.7518735,3.34131
93641,6.30242,2.7249444,3.3471904
93642,6.796799,2.7407181,3.3483999
93643,6.3719697,2.7417243,3.3301678
93644,6.2783175,2.7413597,3.3249426
93645,6.1943326,2.742938,3.327204
93646,6.135359,2.7346666,3.3492084
93647,6.083147,2.7292063,3.3616405
93648,6.0523167,2.7416713,3.3335333
93649,6.2793593,2.734597,3.3471477
93650,6.0575924,2.747954,3.3401732
93651,6.2625904,2.7314222,3.3250852
93652,5.9852333,2.740688,3.3480563
93653,6.005283,2.7352967,3.3230777
93654,6.1100225,2.7288833,3.3368702
93656,5.965868,2.7378345,3.341232
93657,6.121923,2.735826,3.3433695
93660,5.8772078,2.734836,3.345562
93661,5.3171644,2.7463934,3.329527
93662,6.0549397,2.7379308,3.3406842
93664,6.541187,2.7220144,3.328238
93665,5.4555473,2.7555332,3.327751
93666,6.09421,2.7263973,3.3374038
93667,6.358481,2.738901,3.330009
93668,5.836605,2.7475607,3.3352609
93669,6.3437166,2.7343764,3.3227766
93670,6.0441546,2.7379844,3.3478508
93673,5.997815,2.7246034,3.351499
93675,6.2547984,2.7361178,3.341666
93701,6.035136,2.739383,3.342566
93702,6.053664,2.7412982,3.3478281
93703,6.042934,2.7291903,3.3336012
93704,6.0451717,2.742808,3.338632
93705,6.005024,2.747957,3.3423548
93706,5.9320955,2.7415817,3.3406875
93707,6.088308,2.7359905,3.34957
93708,6.0825334,2.726603,3.3428664
93709,6.0760436,2.7298136,3.3458815
93710,6.055828,2.7385473,3.3460991
93711,6.042748,2.7445505,3.3293068
93712,6.09579,2.7438145,3.3438766
93714,6.0824003,2.7378898,3.3404617
93715,6.075467,2.7307727,3.3404806
93716,6.082683,2.7299497,3.3389866
93717,6.085165,2.7438226,3.3389907
93718,6.095866,2.743915,3.335972
93720,6.059939,2.741643,3.3214474
93721,6.031,2.7458453,3.3367171
93722,6.00375,2.7325807,3.3320293
93723,5.94485,2.7446055,3.3405838
93724,6.0798445,2.7254922,3.3418047
93725,6.0244927,2.7350357,3.3422513
93726,6.038902,2.7345808,3.3368073
93727,6.088687,2.7413492,3.3381796
93728,6.025905,2.724079,3.3413212
93729,6.084133,2.727378,3.3387084
93730,6.0638456,2.742088,3.3310096
93737,6.028973,2.7458425,3.3499143
93740,6.087173,2.7402978,3.3374994
93741,6.103049,2.7341244,3.3367903
93744,6.0930877,2.7438154,3.3457158
93745,6.1067867,2.7333102,3.3368013
93747,6.0930142,2.7362916,3.3329742
93750,6.1007314,2.734099,3.331245
93755,6.08677,2.7320457,3.3338132
93760,6.093203,2.7315412,3.3428972
93761,6.0866613,2.7380476,3.332062
93764,6.08607,2.736661,3.3427153
93765,6.100773,2.7350113,3.3432562
93771,6.070656,2.730517,3.3406754
93772,6.098162,2.7405453,3.3394969
93773,6.139015,2.7467163,3.343825
93774,6.0754933,2.7378442,3.3413608
93775,6.0857353,2.7362125,3.3430047
93776,6.121391,2.732764,3.3437617
93777,6.082423,2.72864,3.3396375
93778,6.096731,2.7424855,3.328082
93779,6.1027064,2.7381737,3.3432398
93786,6.0902424,2.7316961,3.3317866
93790,6.105523,2.7371442,3.3421628
93791,6.09874,2.7359445,3.3344305
93792,6.092156,2.7445946,3.3372204
93793,6.119421,2.7509675,3.3445222
93794,6.1205177,2.7345374,3.3504164
93844,6.0892973,2.7413125,3.3392599
93888,6.091222,2.7244496,3.3351812
93901,5.224842,2.812945,3.364468
93902,5.2124805,2.805242,3.360789
93905,5.2436013,2.8001437,3.3605542
93906,5.182479,2.793304,3.3495185
93907,5.079858,2.809658,3.3635774
93908,5.3802233,2.787118,3.3660336
93912,5.236692,2.8048303,3.3671029
93915,5.2343755,2.7949357,3.3600414
93920,5.972867,2.7940004,3.3620772
93921,5.2722635,2.8137572,3.3597226
93922,5.3014665,2.8245134,3.3544028
93923,5.291031,2.8181508,3.3549068
93924,5.549011,2.8040824,3.361057
93925,5.371138,2.7999272,3.3608522
93926,5.542129,2.7934163,3.3551111
93927,5.7807374,2.776754,3.3579712
93928,6.281376,2.7783961,3.3532534
93930,5.9835615,2.7831063,3.356815
93932,6.275471,2.7799587,3.3582542
93933,5.0580378,2.820059,3.36156
93940,5.2383246,2.8333719,3.3574986
93942,5.2093043,2.8285065,3.362629
93943,5.2233553,2.821069,3.3574584
93944,5.205532,2.8302884,3.3660238
93950,5.167172,2.8235362,3.3648803
93953,5.2273445,2.8212676,3.354971
93954,6.022376,2.773671,3.3600137
93955,5.197618,2.8214722,3.3527741
93960,5.659242,2.7911587,3.359505
93962,5.337887,2.8114579,3.3573174
94002,3.9489949,2.7503507,3.3651648
94005,3.7565122,2.7473137,3.3553677
94010,3.881144,2.7391334,3.355628
94011,3.8757195,2.7460237,3.3559897
94014,3.766206,2.7503588,3.3584244
94015,3.7943153,2.7571344,3.353411
94016,3.7453082,2.751638,3.3568966
94017,3.7453642,2.75797,3.353118
94018,3.9551492,2.7525737,3.351418
94019,3.9532342,2.748996,3.3540375
94020,4.247245,2.7531183,3.3559852
94021,4.2489004,2.7592666,3.3509507
94022,4.1795807,2.7268033,3.3631399
94023,4.1640015,2.7333698,3.359335
94024,4.2100344,2.736051,3.3581803
94025,4.102466,2.7375095,3.3660462
94026,4.1019354,2.7594151,3.3575141
94027,4.007053,2.748117,3.344466
94028,4.12271,2.7523887,3.3686423
94030,3.8502195,2.7479496,3.3530586
94035,4.163248,2.7454686,3.3667808
94037,3.909793,2.7408915,3.3611755
94038,3.9180574,2.748848,3.3585362
94039,4.1765323,2.7448194,3.3659534
94040,4.1818194,2.7444394,3.3638456
94041,4.187086,2.7468483,3.363134
94042,4.156711,2.7442472,3.3619535
94043,4.1589727,2.7484145,3.353042
94044,3.8267088,2.7515357,3.3597693
94060,4.3211927,2.7431574,3.345974
94061,3.9880075,2.7360458,3.3541863
94062,4.050396,2.7436714,3.3545349
94063,3.9733448,2.7430604,3.3644986
94064,4.117272,2.74369,3.3591752
94065,3.9295013,2.7465417,3.3471465
94066,3.8239737,2.7505498,3.3576405
94070,3.9665532,2.7439003,3.3674257
94074,4.1604304,2.74753,3.3596904
94080,3.7800348,2.7504559,3.358611
94083,3.8128169,2.745,3.3613887
94085,4.1924386,2.738783,3.3660407
94086,4.193254,2.7510173,3.362856
94087,4.2371407,2.7393866,3.3624642
94088,4.1851425,2.750183,3.366625
94089,4.177052,2.7345645,3.3564646
94102,3.679749,2.7450387,3.3579137
94103,3.6749144,2.7481296,3.3625321
94104,3.6627421,2.7441623,3.3543987
94105,3.6524296,2.7476382,3.3537922
94107,3.6765213,2.7512562,3.3522515
94108,3.6546762,2.741509,3.3551288
94109,3.6674497,2.7490873,3.3572106
94110,3.7040699,2.7414284,3.359149
94111,3.6705663,2.751455,3.3600717
94112,3.7275262,2.7520988,3.356312
94114,3.6954474,2.7509916,3.3543143
94115,3.665471,2.753736,3.3547256
94116,3.6960387,2.7433872,3.3604925
94117,3.681638,2.7527423,3.3534143
94118,3.68564,2.7420292,3.358213
94119,3.6809359,2.744513,3.360877
94120,3.6583247,2.7416832,3.3613484
94121,3.6614285,2.7567253,3.3633764
94122,3.6903675,2.746453,3.3561666
94123,3.6455173,2.7337382,3.3579113
94124,3.722693,2.7439363,3.3605165
94125,3.671341,2.757131,3.3650012
94126,3.6662717,2.750712,3.357104
94127,3.7080252,2.7486463,3.3564546
94128,3.8228977,2.7487266,3.348019
94129,3.6394398,2.7470238,3.3494911
94130,3.640089,2.754852,3.3595123
94131,3.7105494,2.7467003,3.359621
94132,3.7280896,2.7416122,3.3503547
94133,3.6665616,2.7514155,3.363108
94134,3.728925,2.7552013,3.3572412
94137,3.6448755,2.7476406,3.3614058
94139,3.6841483,2.7373848,3.3631067
94140,3.6864462,2.7491732,3.3631642
94141,3.6917763,2.7515774,3.3531458
94142,3.6609144,2.744123,3.358412
94143,3.7014,2.7540286,3.3573828
94144,3.669922,2.7543826,3.367324
94145,3.676045,2.7445574,3.3689904
94146,3.6706138,2.7479622,3.3562431
94147,3.6815941,2.7525718,3.3626678
94151,3.6790452,2.743501,3.368191
94158,3.6878693,2.7491348,3.3624928
94159,3.676728,2.7467265,3.3625183
94160,3.677438,2.7439146,3.3577368
94161,3.6621907,2.757917,3.3573964
94163,3.6636202,2.739476,3.3560631
94164,3.702429,2.7553434,3.3601384
94172,3.6766999,2.7540278,3.3547313
94177,3.6810625,2.7406054,3.363471
94188,3.6868072,2.7533724,3.352365
94203,3.7590327,2.7456212,3.3498156
94204,3.7383833,2.7470431,3.3496284
94205,3.7414665,2.7408247,3.342277
94206,3.7267087,2.7510197,3.3414974
94207,3.74877,2.7500892,3.3401332
94208,3.7455783,2.7532985,3.3450785
94209,3.7373865,2.7498746,3.3492846
94211,3.7680614,2.7491472,3.3408499
94229,3.7548509,2.7451835,3.3430648
94230,3.7341912,2.740681,3.3426652
94232,3.7395818,2.7549815,3.3418021
94234,3.7469316,2.7479424,3.337698
94235,3.7362874,2.7492826,3.3315516
94236,3.7405393,2.7436504,3.3355892
94237,3.7488046,2.75164,3.3373008
94239,3.756694,2.7391932,3.3418486
94240,3.7384577,2.7445817,3.3352964
94244,3.7291033,2.7512188,3.3451502
94245,3.7515035,2.7545102,3.3385265
94247,3.7368555,2.757286,3.3463967
94248,3.7613173,2.7513862,3.334692
94249,3.74402,2.756152,3.3325186
94250,3.7439013,2.7560568,3.3423464
94252,3.7442932,2.7526152,3.3420582
94254,3.7575321,2.7499852,3.3395631
94256,3.7484286,2.7553234,3.34722
94257,3.7275016,2.7539198,3.3428733
94258,3.7542067,2.7473433,3.3407023
94259,3.746956,2.7518218,3.3456192
94261,3.7565136,2.7484198,3.3454916
94262,3.7466183,2.7417896,3.3483222
94263,3.7389164,2.7525578,3.3475423
94267,3.754536,2.7493865,3.3446388
94268,3.73163,2.742406,3.3381917
94269,3.7549558,2.7508326,3.3470578
94271,3.743226,2.7528975,3.337667
94273,3.7323487,2.7479274,3.351909
94274,3.768898,2.752214,3.3326147
94277,3.7527037,2.746311,3.3467937
94278,3.7363992,2.7456746,3.3368342
94279,3.735633,2.7499006,3.349869
94280,3.7368627,2.746587,3.3434973
94282,3.7585413,2.7472093,3.3395224
94283,3.7336955,2.7492666,3.3379583
94284,3.7651129,2.7582722,3.3391821
94285,3.7392378,2.7605696,3.3324943
94286,3.7443564,2.747305,3.3353035
94287,3.73996,2.7393994,3.3428693
94288,3.7460246,2.7570498,3.3416002
94289,3.7489905,2.7452137,3.3383281
94290,3.741934,2.7445896,3.3485925
94291,3.7498593,2.75451,3.3351316
94293,3.739696,2.743226,3.3429193
94294,3.7477982,2.7419014,3.3462532
94295,3.7627954,2.7484212,3.34909
94296,3.7482266,2.7477374,3.342751
94297,3.7573466,2.761517,3.3405502
94298,3.7507553,2.753626,3.3478918
94299,3.7669811,2.7492144,3.3388982
94301,4.0777345,2.7331011,3.3668964
94302,4.066805,2.7309039,3.361585
94303,4.050088,2.7368727,3.366258
94304,4.0844445,2.7472432,3.3608017
94305,4.1176276,2.738054,3.364463
94306,4.1242976,2.7472143,3.3668654
94309,4.0882144,2.7423792,3.3605218
94401,3.8800187,2.754517,3.361009
94402,3.913714,2.7431982,3.3607707
94403,3.9019475,2.7440052,3.3571339
94404,3.9037316,2.748664,3.363252
94497,3.9001527,2.7519705,3.3560581
94501,3.6745944,2.7428205,3.3630955
94502,3.7227616,2.7422373,3.3614886
94503,3.5704308,2.7556984,3.3617024
94505,3.9541054,2.7527163,3.3415048
94506,3.7502325,2.7396986,3.36092
94507,3.7215965,2.7433987,3.370081
94508,3.352397,2.7409441,3.3576035
94509,3.8313813,2.7515492,3.3635383
94510,3.6503472,2.7451239,3.3716874
94511,3.919336,2.7411175,3.3689353
94512,3.7240992,2.74632,3.3666914
94513,3.881192,2.7617016,3.3455794
94514,3.9899049,2.7496793,3.3371158
94515,3.3700004,2.7491071,3.360626
94516,3.653087,2.7395344,3.35826
94517,3.6930904,2.7371857,3.358214
94518,3.590662,2.759107,3.3607872
94519,3.7685847,2.7513027,3.365962
94520,3.7694125,2.741778,3.364758
94521,3.804278,2.7510986,3.370766
94522,3.7887056,2.75438,3.3587673
94523,3.6054351,2.7508357,3.354822
94524,3.7689135,2.7520845,3.364525
94525,3.6601152,2.7499804,3.3654342
94526,3.7626112,2.740582,3.361837
94527,3.8075662,2.7543855,3.373044
94528,3.7424393,2.7425952,3.358518
94529,3.7705915,2.7508879,3.3603077
94530,3.589499,2.7498014,3.3586025
94531,3.90223,2.7425141,3.3737395
94533,3.5769253,2.7430623,3.3507085
94534,3.531448,2.7513323,3.3696463
94535,3.6074355,2.745181,3.3696353
94536,3.9875412,2.739673,3.3611832
94537,3.902043,2.7441037,3.3646212
94538,4.045583,2.7418778,3.3615665
94539,4.059862,2.7386785,3.3618548
94540,3.8605046,2.735639,3.356509
94541,3.8632169,2.74145,3.3595276
94542,3.8813477,2.7425742,3.3586354
94543,3.8620493,2.7419436,3.355142
94544,3.9075484,2.7404506,3.3670607
94545,3.8894768,2.742334,3.3692312
94546,3.8190947,2.7360203,3.367368
94547,3.5277026,2.747498,3.3495426
94548,3.8467298,2.7529693,3.3466988
94549,3.617423,2.7442539,3.3619978
94550,3.9593363,2.7491214,3.3612473
94551,3.89529,2.7397964,3.3586483
94552,3.8262024,2.7394245,3.363597
94553,3.5558474,2.7491453,3.3614862
94555,3.9341009,2.745507,3.365798
94556,3.6538572,2.7423077,3.3542752
94557,3.8706858,2.741161,3.359608
94558,3.3862948,2.7553012,3.3551638
94559,3.4905396,2.7486594,3.3502889
94560,3.9929323,2.7424374,3.3630002
94561,3.9022613,2.7510705,3.362891
94562,3.3792684,2.7338958,3.3550324
94563,3.6093047,2.7415106,3.364191
94564,3.5182478,2.742217,3.3596578
94565,3.7888763,2.751401,3.3620486
94566,3.9141464,2.7363079,3.3613603
94567,3.3602521,2.7416918,3.3512137
94568,3.8656359,2.7492633,3.3579926
94569,3.6775808,2.7413812,3.359518
94570,3.784852,2.7468128,3.3656018
94571,3.8055246,2.7411683,3.3716109
94572,3.4920278,2.7446995,3.3548071
94573,3.3715508,2.7445736,3.359236
94574,3.372853,2.7389507,3.360271
94575,3.7859273,2.7315955,3.364856
94576,3.37808,2.7436252,3.3490026
94577,3.751463,2.747503,3.3580964
94578,3.81018,2.7380366,3.35093
94579,3.8092852,2.732813,3.3524156
94580,3.8235095,2.7509959,3.3596113
94581,3.5174143,2.7534025,3.3585303
94582,3.8104293,2.7520382,3.365037
94583,3.8039756,2.733204,3.3523605
94585,3.5834708,2.7438672,3.3765814
94586,3.9677799,2.7431574,3.3657718
94587,3.9522412,2.7415397,3.3573234
94588,3.906343,2.7317553,3.3619723
94589,3.5782213,2.7507002,3.3671653
94590,3.618383,2.7383556,3.3601885
94591,3.6422987,2.7395296,3.365076
94592,3.6266859,2.746585,3.3654273
94595,3.6611228,2.7523618,3.3537571
94596,3.633573,2.7401536,3.3581142
94597,3.6151617,2.755625,3.3522573
94598,3.6269836,2.7545722,3.3553312
94599,3.4154322,2.7376351,3.3578782
94601,3.6967218,2.7551155,3.3658922
94602,3.682343,2.743075,3.3579855
94603,3.7210763,2.7530632,3.3631253
94604,3.6372652,2.749541,3.3654895
94605,3.7148185,2.7428105,3.3674479
94606,3.6764567,2.7511184,3.362482
94607,3.647713,2.7491248,3.3644807
94608,3.6141868,2.7414868,3.3550377
94609,3.6289787,2.7527196,3.358039
94610,3.6588593,2.7516413,3.3587365
94611,3.6433914,2.7448237,3.358271
94612,3.6585655,2.7415643,3.362926
94613,3.6815302,2.7476535,3.359359
94614,3.7134829,2.7552888,3.3565216
94615,3.6651525,2.751817,3.3669727
94617,3.6529434,2.7474675,3.3557312
94618,3.6499367,2.749832,3.3583505
94619,3.6749992,2.7397485,3.3637633
94620,3.6763353,2.7453709,3.3678153
94621,3.6998498,2.7523093,3.3594337
94622,3.684033,2.7497728,3.359008
94623,3.6648595,2.757133,3.3600466
94624,3.6611745,2.7362237,3.3540528
94649,3.6847227,2.7460892,3.358673
94659,3.6777565,2.732019,3.35783
94660,3.6766224,2.7594886,3.3574085
94661,3.6631174,2.7404468,3.3607762
94662,3.6251507,2.7614727,3.3583248
94666,3.6643753,2.744588,3.3604631
94701,3.6034622,2.7393556,3.3578777
94702,3.6100075,2.7511566,3.35932
94703,3.6277018,2.758061,3.3612654
94704,3.6168723,2.739518,3.3573947
94705,3.6391203,2.7408135,3.3567626
94706,3.5781457,2.7550578,3.3582287
94707,3.6029346,2.7541273,3.3536468
94708,3.6052704,2.750091,3.3629658
94709,3.5908322,2.7524042,3.3609328
94710,3.5992138,2.7521517,3.3658307
94712,3.6167297,2.7511978,3.3602781
94720,3.6003468,2.7395053,3.3599448
94801,3.5640895,2.7585435,3.3531306
94802,3.562422,2.7469122,3.3527203
94803,3.526459,2.7495868,3.3554986
94804,3.5559907,2.756044,3.3613281
94805,3.5460172,2.7456722,3.3612974
94806,3.5222516,2.7407267,3.3587527
94807,3.5631247,2.7418668,3.3555017
94808,3.5534706,2.748773,3.3621116
94820,3.5532267,2.7523441,3.354415
94850,3.545297,2.7361848,3.3630254
94901,3.563605,2.7440677,3.3569424
94903,3.5036173,2.74871,3.3651955
94904,3.5689154,2.7475195,3.3521411
94912,3.5351026,2.7479053,3.3658657
94913,3.5321314,2.7536361,3.3487008
94914,3.555652,2.7402718,3.3584695
94915,3.5092564,2.7356546,3.3617473
94920,3.5905309,2.7529957,3.360195
94922,3.5417101,2.7697484,3.356439
94923,3.5544798,2.7567692,3.3654218
94924,3.6978612,2.7939975,3.3597543
94925,3.5530808,2.7537923,3.3555093
94926,3.4876273,2.753502,3.3581262
94927,3.4868503,2.7464607,3.3564365
94928,3.483566,2.7544508,3.347241
94929,3.5831702,2.7675421,3.3640773
94930,3.530169,2.750951,3.356723
94931,3.5119853,2.7423894,3.362847
94933,3.5803285,2.7794678,3.358675
94937,3.6067815,2.7901013,3.365005
94938,3.6307654,2.779024,3.3556824
94939,3.5604863,2.7425966,3.3640995
94940,3.5692027,2.7731607,3.3592467
94941,3.593037,2.7453966,3.360526
94942,3.5832467,2.7415242,3.355098
94945,3.480693,2.7397468,3.3621788
94946,3.6009817,2.7826457,3.3545616
94947,3.471517,2.7422,3.356268
94948,3.5663154,2.7568412,3.3625638
94949,3.4873405,2.750262,3.3635461
94950,3.609616,2.7815235,3.3562706
94951,3.4887826,2.757404,3.3546464
94952,3.535531,2.7512667,3.3653352
94953,3.522077,2.7481205,3.3554287
94954,3.5141404,2.7445312,3.353966
94955,3.5353062,2.755556,3.3559656
94956,3.5917518,2.7754087,3.355716
94957,3.5456953,2.749152,3.3664112
94960,3.5499487,2.7561166,3.362205
94963,3.605643,2.7787716,3.358513
94964,3.5280294,2.7465527,3.3646007
94965,3.610197,2.746695,3.3584404
94966,3.619348,2.7406607,3.352894
94970,3.6873825,2.7832503,3.3563063
94971,3.5416677,2.768101,3.3618822
94972,3.5066354,2.7593417,3.3666604
94973,3.6027136,2.7741587,3.3614292
94974,3.5588405,2.7444491,3.358076
94975,3.52655,2.7469296,3.3577836
94976,3.5748098,2.7504814,3.3573163
94977,3.549064,2.7530398,3.3627532
94978,3.5304983,2.74708,3.36207
94979,3.5549085,2.7531216,3.3551888
94998,3.4569607,2.7455423,3.359131
94999,3.512544,2.7415583,3.350027
95001,4.5988665,2.8275049,3.36475
95002,4.129855,2.7475057,3.3585212
95003,4.6389604,2.8116164,3.3624268
95004,4.905528,2.802392,3.3507633
95005,4.386692,2.8112478,3.3592243
95006,4.4300246,2.7435727,3.3600285
95007,4.361499,2.8187847,3.3482437
95008,4.339716,2.7418675,3.3561678
95009,4.32616,2.7418697,3.3577554
95010,4.5859675,2.8155158,3.358049
95011,4.307692,2.745919,3.3627846
95012,5.056141,2.801254,3.3538609
95013,4.494273,2.730877,3.3582282
95014,4.251935,2.7393472,3.3618174
95015,4.2446713,2.745791,3.3629951
95017,4.451908,2.8177712,3.3582988
95018,4.434275,2.8214648,3.3607383
95019,4.7876973,2.7953258,3.359421
95020,4.735935,2.7915857,3.367539
95021,4.764715,2.7939653,3.3685515
95023,5.095421,2.7872176,3.3644965
95024,5.0396876,2.7935486,3.3598733
95025,4.3031397,2.7337098,3.364383
95026,4.515958,2.7475374,3.3701642
95030,4.4105954,2.7520795,3.3592997
95031,4.521596,2.732538,3.3643162
95032,4.3964734,2.7422464,3.3631647
95033,4.505623,2.7541084,3.3632383
95035,4.164373,2.745403,3.3670094
95036,4.1812015,2.7407618,3.3518398
95037,4.5341797,2.7962782,3.366115
95038,4.5460267,2.800208,3.3620534
95039,4.9907618,2.8097625,3.3625674
95041,4.4713955,2.8327463,3.3598475
95042,4.5122204,2.741321,3.364278
95043,5.596985,2.7764068,3.357539
95044,4.495049,2.745201,3.3620596
95045,5.0058403,2.8041544,3.363027
95046,4.6554875,2.794349,3.358823
95050,4.246893,2.7389493,3.3590515
95051,4.2515697,2.7539454,3.3564038
95052,4.2565384,2.7406564,3.36069
95053,4.272086,2.7367535,3.351603
95054,4.177622,2.7378168,3.3624768
95055,4.244979,2.7428837,3.3587308
95056,4.1542993,2.7390876,3.3628538
95060,4.4852605,2.8232014,3.3606303
95061,4.580984,2.8186095,3.363233
95062,4.5907164,2.8208528,3.371141
95063,4.5968733,2.829123,3.3621047
95064,4.5626726,2.8244708,3.3609602
95065,4.5392733,2.8203502,3.3676648
95066,4.4541435,2.8104036,3.3624225
95067,4.466222,2.8123157,3.3591557
95070,4.32788,2.729638,3.353245
95071,4.323634,2.737424,3.3627238
95073,4.565025,2.8143122,3.3687441
95075,5.164899,2.7818255,3.364812
95076,4.8563404,2.7893043,3.3566844
95077,4.8649063,2.8040328,3.3597405
95101,4.224189,2.7314706,3.3582106
95103,4.2953115,2.7426746,3.3665562
95106,4.2758965,2.740313,3.362764
95108,4.303658,2.7337697,3.356135
95109,4.276024,2.7336698,3.3623562
95110,4.272834,2.7393653,3.3578215
95111,4.3704166,2.7456167,3.3632324
95112,4.262529,2.739672,3.3705862
95113,4.2818246,2.741975,3.3492024
95115,4.269416,2.74792,3.3653257
95116,4.260689,2.7345893,3.3669508
95117,4.2750583,2.7392414,3.362133
95118,4.3707943,2.742482,3.3563652
95119,4.463812,2.741947,3.3653562
95120,4.4556017,2.730609,3.356057
95121,4.3484144,2.7512655,3.3631914
95122,4.297313,2.733396,3.3539352
95123,4.4163938,2.7370188,3.3533518
95124,4.3817563,2.7445655,3.365111
95125,4.3374104,2.744911,3.3697672
95126,4.2934027,2.7386262,3.360578
95127,4.267858,2.743663,3.3670685
95128,4.2973437,2.7464771,3.3605478
95129,4.284333,2.7272005,3.3540869
95130,4.3191857,2.7285519,3.3645809
95131,4.232233,2.739733,3.363506
95132,4.2193117,2.735683,3.363313
95133,4.2595854,2.738152,3.3683023
95134,4.143384,2.743392,3.358407
95135,4.3744817,2.746482,3.3504193
95136,4.3776174,2.7537916,3.3611426
95138,4.430336,2.7426903,3.3571572
95139,4.477186,2.745972,3.361421
95140,4.3600674,2.7445588,3.3624146
95141,4.2750926,2.7386184,3.3639362
95148,4.3453236,2.7461004,3.364384
95150,4.213603,2.7428217,3.3680892
95151,4.318092,2.7393968,3.3566942
95152,4.2074523,2.742688,3.3688445
95153,4.4066124,2.7409914,3.362525
95154,4.3747683,2.7362263,3.3561149
95155,4.307638,2.7380211,3.3557644
95156,4.2769623,2.7371922,3.3566184
95157,4.3206444,2.7456844,3.356273
95158,4.3704653,2.7428656,3.361867
95159,4.2880635,2.745573,3.364459
95160,4.4386296,2.7517712,3.369167
95161,4.213891,2.7460396,3.361915
95164,4.1909933,2.7374876,3.3530285
95170,4.2804785,2.750471,3.3531506
95172,4.270616,2.7410069,3.3581078
95173,4.284496,2.729048,3.3519797
95190,4.2211843,2.747572,3.3610508
95191,4.2967396,2.7373388,3.355622
95192,4.3084683,2.7462242,3.3561928
95193,4.4161716,2.7405052,3.3589697
95194,4.2025228,2.7381287,3.3634908
95196,4.2807093,2.7459896,3.3586707
95201,4.1606164,2.7596974,3.3330426
95202,4.1372375,2.760765,3.338359
95203,4.13411,2.7592742,3.3343022
95204,4.13543,2.7382784,3.3268259
95205,4.1805344,2.7533298,3.3305156
95206,4.1703844,2.7403848,3.3265705
95207,4.0871825,2.7547414,3.3336463
95208,4.052653,2.7447135,3.3400497
95209,4.0496545,2.7496111,3.3327098
95210,4.1117024,2.7461805,3.3384066
95211,4.1220183,2.7488484,3.3395457
95212,4.1435294,2.7587628,3.3335767
95213,4.2497864,2.7486935,3.3331182
95214,4.2607017,2.7481444,3.3332238
95215,4.2506857,2.7411764,3.331133
95219,4.0675898,2.7496653,3.3367827
95220,4.1076646,2.7476985,3.32855
95221,4.971489,2.7451823,3.3293614
95222,4.9600654,2.7624335,3.327318
95223,5.4043674,2.746155,3.3265216
95224,5.2265844,2.7364473,3.3261693
95225,4.5083303,2.7426007,3.324854
95226,4.534564,2.740174,3.3306081
95227,4.262019,2.7460985,3.3288696
95228,4.885376,2.7493036,3.322392
95229,5.126035,2.7521951,3.3195858
95230,4.450883,2.748466,3.3300219
95231,4.2109647,2.7590508,3.336971
95232,4.899716,2.7470615,3.3268118
95233,5.248101,2.7551441,3.3230193
95234,4.02736,2.7517056,3.3260903
95236,4.3892975,2.7444227,3.329816
95237,4.217416,2.7502682,3.3236485
95240,4.0914283,2.7538693,3.3410356
95241,4.0920806,2.7405202,3.3268476
95242,4.0115557,2.7627583,3.3276591
95245,4.938134,2.7409575,3.3246539
95246,5.026835,2.7433527,3.3324273
95247,5.1324043,2.745524,3.3248677
95248,4.9984555,2.7459092,3.329988
95249,4.82794,2.7485042,3.3320842
95251,5.095148,2.7544434,3.3196166
95252,4.52407,2.7354195,3.3271198
95253,4.147491,2.75735,3.3311224
95254,4.371347,2.743681,3.3203955
95255,5.053725,2.7490938,3.3365617
95257,5.0726895,2.7426388,3.3226933
95258,4.0387735,2.7523842,3.3317482
95267,4.0945535,2.7527015,3.3282237
95269,4.09299,2.7544665,3.3307462
95296,4.15256,2.7517953,3.3330264
95297,4.085361,2.746351,3.3443193
95301,5.2426662,2.7503402,3.3237112
95303,5.104711,2.7425241,3.3342402
95304,4.2541757,2.7452111,3.3397665
95305,5.482186,2.7400017,3.3176103
95306,5.7143545,2.743755,3.3238251
95307,4.754856,2.7570026,3.325059
95309,5.278926,2.7439024,3.3325887
95310,5.2287335,2.7441077,3.3274796
95311,5.690097,2.7453065,3.3350081
95312,5.1689887,2.761125,3.3320673
95313,4.787068,2.7570512,3.3374043
95315,5.0419903,2.755233,3.3383164
95316,4.9415298,2.7541485,3.3343334
95317,5.449416,2.7635634,3.329262
95318,6.156008,2.744313,3.3207746
95319,4.757425,2.743312,3.3282623
95320,4.5374236,2.7572324,3.3277555
95321,5.7075124,2.7434626,3.312254
95322,4.8352447,2.7711277,3.356032
95323,4.9833865,2.7508936,3.323606
95324,4.9794765,2.7487798,3.3366344
95325,5.550947,2.7493656,3.326572
95326,4.831927,2.7600229,3.327066
95327,5.168581,2.7539084,3.3227687
95328,4.8089557,2.749435,3.3256187
95329,5.3390155,2.748471,3.3277085
95330,4.263253,2.7485485,3.3327281
95333,5.6266265,2.743426,3.3206418
95334,5.1322036,2.7555218,3.3319952
95335,5.6296787,2.7561054,3.319676
95336,4.323568,2.75182,3.3215194
95337,4.339383,2.763775,3.332902
95338,5.972679,2.7525012,3.3244426
95340,5.4260826,2.7499263,3.332244
95341,5.4326706,2.7531495,3.3237376
95343,5.401025,2.7398033,3.3271165
95344,5.425802,2.7485251,3.3277016
95345,5.9353843,2.7444263,3.322318
95346,5.5466847,2.7425516,3.3181803
95347,5.42617,2.7422907,3.3231812
95348,5.321189,2.7538624,3.327456
95350,4.618123,2.7475128,3.335148
95351,4.670614,2.7492056,3.3334012
95352,4.6238337,2.7521522,3.3315668
95353,4.6354322,2.7562952,3.331409
95354,4.7074375,2.7463436,3.3265147
95355,4.6808066,2.7576337,3.3298347
95356,4.5957146,2.7504988,3.3227863
95357,4.740228,2.751976,3.3279836
95358,4.6397815,2.7413096,3.331773
95360,4.8626513,2.7488484,3.3365383
95361,4.7180214,2.758428,3.3256304
95363,4.6422486,2.7530627,3.340384
95364,5.848727,2.75286,3.3335936
95365,5.570309,2.7486055,3.329368
95366,4.440423,2.754459,3.3292737
95367,4.670555,2.7584105,3.3300846
95368,4.5140944,2.7472038,3.3298328
95369,5.401728,2.748537,3.3316083
95370,5.335017,2.74554,3.3243032
95372,5.4171605,2.7521086,3.3208723
95373,5.3906374,2.7494864,3.3256743
95374,5.0001817,2.7439678,3.329348
95375,5.851627,2.743141,3.3216596
95376,4.206691,2.7633054,3.3381243
95377,4.231822,2.758622,3.3436527
95378,4.2575955,2.7600667,3.347035
95379,5.4805083,2.7451754,3.3258862
95380,4.905141,2.7515304,3.3326256
95381,4.908718,2.7536635,3.3292692
95382,4.899155,2.7503948,3.3270283
95383,5.502123,2.7464676,3.3249493
95385,4.4575963,2.7480087,3.3391929
95386,4.9410405,2.7450485,3.3350446
95387,4.5377116,2.7584448,3.3368156
95388,5.227778,2.7466145,3.3263884
95389,6.341057,2.7361226,3.3169432
95391,4.0909653,2.750587,3.3385642
95397,4.627284,2.7450466,3.3310366
95401,3.4234295,2.7429066,3.36833
95402,3.4395356,2.7297783,3.366215
95403,3.44675,2.7377896,3.3586755
95404,3.434983,2.7374516,3.3627355
95405,3.427652,2.7354732,3.356361
95406,3.419338,2.7325752,3.355789
95407,3.4271188,2.7337358,3.3567994
95409,3.3908358,2.738755,3.3642898
95410,4.2276716,2.7170215,3.372784
95412,3.7141755,2.743572,3.3667364
95415,3.812508,2.752954,3.374187
95416,3.4638553,2.7411575,3.3566294
95417,4.3917675,2.7076235,3.3602893
95418,3.789833,2.7191715,3.3634005
95419,3.487191,2.75889,3.3557973
95420,4.3720355,2.719559,3.3721046
95421,3.624634,2.751683,3.357235
95422,3.3973439,2.7412283,3.3548386
95423,3.4289827,2.7622056,3.360749
95424,3.3937778,2.7552702,3.3556209
95425,3.4969559,2.745576,3.3651173
95426,3.4002392,2.7529154,3.3656814
95427,4.117519,2.725458,3.369127
95428,4.168916,2.6850452,3.3655033
95429,4.267624,2.6996262,3.3560007
95430,3.5406024,2.763433,3.354831
95431,3.4576044,2.7502234,3.3566058
95432,4.196781,2.7380514,3.3772504
95433,3.5035374,2.759009,3.356675
95435,3.486432,2.7587848,3.3591702
95436,3.4763365,2.741051,3.364408
95437,4.429264,2.7136993,3.3766806
95439,3.4051445,2.7428386,3.3608053
95441,3.4453905,2.7525125,3.354848
95442,3.412264,2.7379332,3.3498895
95443,3.4433403,2.7573137,3.3609922
95444,3.47229,2.737509,3.3567946
95445,3.9259894,2.7361717,3.3729453
95446,3.5139637,2.7639308,3.364219
95448,3.430516,2.739281,3.364422
95449,3.567402,2.7644436,3.3680596
95450,3.644195,2.7597446,3.3641884
95451,3.4433854,2.7583997,3.3522935
95452,3.401248,2.743403,3.3622944
95453,3.5229914,2.7600482,3.3660989
95454,4.2857137,2.7050424,3.3610506
95456,4.325253,2.7219634,3.378492
95457,3.3846085,2.7560654,3.3528032
95458,3.4655,2.7597165,3.3665679
95459,4.0545444,2.7348106,3.3741426
95460,4.3417854,2.7271147,3.3657863
95461,3.3785253,2.7609975,3.3633215
95462,3.5459678,2.7539082,3.3608518
95463,4.008784,2.7200792,3.3765423
95464,3.4964635,2.758346,3.3609896
95465,3.5353193,2.751021,3.3606977
95466,3.8644767,2.756475,3.3633482
95467,3.332049,2.7503576,3.3560758
95468,3.9920385,2.7360184,3.3731503
95469,3.7927415,2.7116852,3.3594153
95470,3.8186874,2.724084,3.3605018
95471,3.4983757,2.7518818,3.3710167
95472,3.4596906,2.7523432,3.3570364
95473,3.455378,2.7277036,3.3732417
95476,3.5022192,2.7462964,3.3713622
95480,3.7277021,2.7522645,3.3628871
95481,3.6450694,2.7600489,3.3593972
95482,3.6849148,2.7499177,3.3681078
95485,3.5677853,2.7569556,3.3572648
95486,3.5272248,2.7630332,3.362353
95487,3.4939888,2.7514358,3.3547802
95488,4.6149926,2.72431,3.3481445
95490,4.0284452,2.7211337,3.3560805
95492,3.4243817,2.7429912,3.3549087
95493,3.5876565,2.7591553,3.3538334
95494,3.7045481,2.7481084,3.365923
95497,3.8325658,2.7467053,3.3620384
95501,5.956985,2.7224014,3.3592167
95502,5.9586053,2.7082264,3.369886
95503,5.9459276,2.702638,3.3575037
95511,4.9690285,2.71366,3.3620954
95514,5.1753182,2.716462,3.348683
95518,6.009181,2.720018,3.360281
95519,6.064745,2.6996248,3.3669057
95521,6.003216,2.7103016,3.3638706
95524,5.967016,2.7156906,3.3607786
95525,6.0211186,2.7090378,3.3679814
95526,5.4752264,2.6904116,3.3543816
95527,5.7723384,2.6946003,3.3576775
95528,5.605994,2.7077649,3.3594491
95531,6.8265433,2.7166543,3.375532
95532,6.7367864,2.7281876,3.3709204
95534,5.935068,2.7163196,3.3591998
95536,5.7588925,2.7198565,3.3520925
95537,5.9010916,2.7262406,3.3525457
95538,6.8872724,2.7230742,3.3799157
95540,5.7774773,2.7165365,3.3520834
95542,5.011165,2.7149718,3.3498473
95543,7.113961,2.7252693,3.342978
95545,5.420809,2.7208939,3.359218
95546,6.167827,2.7119398,3.3563328
95547,5.6993246,2.72281,3.3664775
95548,6.7109766,2.716021,3.3685195
95549,5.690398,2.7120345,3.364962
95550,5.851632,2.7046134,3.3633964
95551,5.8572893,2.7179666,3.3586915
95552,5.0975738,2.7105367,3.3544922
95553,5.207775,2.7095454,3.3401787
95554,5.220421,2.71153,3.3466902
95555,6.4935665,2.701031,3.3647134
95556,6.5560727,2.7068248,3.361022
95558,5.542118,2.71906,3.350025
95559,5.1344423,2.7247665,3.3535414
95560,5.0768523,2.721376,3.3620982
95562,5.660841,2.7141016,3.3585167
95563,5.8982534,2.710995,3.3646157
95564,5.9771314,2.7161105,3.3606355
95565,5.5804596,2.7154434,3.3515844
95567,6.8785944,2.717747,3.33346
95568,6.7671237,2.7133799,3.3641822
95569,5.3984513,2.719797,3.354302
95570,6.2133417,2.7210202,3.3555548
95571,5.3758006,2.7172897,3.345991
95573,6.0303044,2.7027779,3.3607056
95585,4.6548624,2.717622,3.346097
95587,4.834077,2.716105,3.3461683
95589,5.125899,2.7160392,3.350533
95595,4.9157166,2.7088685,3.36517
95601,4.5219026,2.7473028,3.3338742
95602,4.168277,2.7459505,3.371891
95603,4.191816,2.7531323,3.3745844
95604,4.1961613,2.7541623,3.3776574
95605,3.725082,2.7547822,3.3456855
95606,3.3755777,2.7473927,3.362736
95607,3.3836265,2.7414634,3.3479264
95608,3.8831744,2.7452793,3.3384504
95609,3.8958979,2.7438824,3.3416092
95610,3.959328,2.7567172,3.3362281
95611,3.9535892,2.7473407,3.340424
95612,3.7154117,2.7494593,3.3437488
95613,4.434081,2.7421315,3.3803008
95614,4.296178,2.7414656,3.3740537
95615,3.7757363,2.746531,3.340274
95616,3.557746,2.7451978,3.3368108
95617,3.5828772,2.7480454,3.3483596
95618,3.5842476,2.7289608,3.3376203
95619,4.524562,2.7552042,3.3815067
95620,3.551909,2.7416868,3.3492687
95621,3.898028,2.7471771,3.3383553
95623,4.4628954,2.752421,3.3251529
95624,3.8930185,2.7606556,3.328669
95625,3.5425184,2.7316935,3.3457375
95626,3.788889,2.7509904,3.3440986
95627,3.4201584,2.7499256,3.3498418
95628,3.982818,2.7579544,3.338096
95629,4.7337055,2.7398293,3.3360367
95630,4.0755844,2.7456365,3.3428679
95631,4.683439,2.7455044,3.374301
95632,4.015636,2.7529871,3.3441648
95633,4.4521623,2.7482734,3.3783927
95634,4.5917225,2.755184,3.3709097
95635,4.400692,2.7442124,3.3797696
95636,4.9803214,2.7456534,3.38566
95637,3.3712401,2.76311,3.350023
95638,4.1145205,2.7416346,3.33798
95639,3.7774222,2.7611437,3.347113
95640,4.411719,2.746531,3.3354774
95641,3.8624816,2.7474701,3.3653843
95642,4.6166716,2.7459185,3.3231862
95644,5.6092196,2.754136,3.324739
95645,3.5779636,2.7498195,3.365509
95646,5.6704755,2.7442446,3.328883
95648,3.941324,2.74881,3.3799734
95650,4.0671415,2.7483594,3.3797095
95651,4.3724594,2.7585125,3.3836908
95652,3.8351066,2.7456682,3.3385465
95653,3.4316356,2.7388296,3.349395
95654,4.616806,2.745231,3.3256876
95655,3.9380372,2.7508795,3.3349702
95656,4.651671,2.7464278,3.3280098
95658,4.0895667,2.746516,3.3724685
95659,3.7078147,2.7553275,3.3688996
95660,3.850203,2.7467384,3.3370836
95661,3.996021,2.7427707,3.3807895
95662,3.993214,2.7479296,3.3279004
95663,4.0481424,2.7465796,3.3741305
95664,4.2121625,2.7470825,3.386076
95665,4.7713523,2.7509446,3.329637
95666,4.887794,2.7457862,3.342428
95667,4.519495,2.7474396,3.3795872
95668,3.7586195,2.750011,3.365489
95669,4.427791,2.7512016,3.3302064
95670,3.9365332,2.7441807,3.3472629
95671,4.088498,2.7481983,3.370059
95672,4.28182,2.7548184,3.3804076
95673,3.7675722,2.744932,3.3442595
95674,3.7884552,2.7503667,3.3743277
95675,4.6142526,2.7446935,3.3353386
95676,3.5826957,2.7401469,3.3639388
95677,3.980565,2.7582898,3.3685324
95678,3.9336238,2.7477865,3.3809667
95679,3.3761864,2.76084,3.3550222
95680,3.7864559,2.7708573,3.3463006
95681,3.8983629,2.7341754,3.367798
95682,4.306787,2.7574959,3.3436527
95683,4.1691027,2.752021,3.3350134
95684,4.859608,2.7503507,3.37743
95685,4.582136,2.7482095,3.3315215
95686,3.8919816,2.7423177,3.3309574
95687,3.510381,2.7343457,3.3476782
95688,3.4824617,2.7322478,3.3620598
95689,4.838518,2.74548,3.327793
95690,3.8012602,2.7602232,3.3415098
95691,3.7067902,2.759553,3.333705
95692,3.8378878,2.7440495,3.3687935
95693,4.015185,2.750023,3.340686
95694,3.477726,2.7449434,3.355292
95695,3.5256264,2.74626,3.3431027
95696,3.4527452,2.7406442,3.3519492
95697,3.520479,2.7536786,3.351412
95698,3.4563391,2.7426436,3.3548532
95699,4.48876,2.754466,3.329561
95701,4.6237636,2.7539818,3.3848042
95703,4.303094,2.746173,3.3806274
95709,4.703372,2.7479343,3.3772123
95712,4.3662252,2.7417076,3.3764935
95713,4.3514934,2.7630205,3.3695376
95714,4.550326,2.741242,3.3744864
95715,4.800358,2.745807,3.3784308
95717,4.5069814,2.7431264,3.376728
95720,5.368003,2.746969,3.3256056
95721,5.751642,2.7394335,3.3312805
95722,4.243277,2.7476578,3.3802392
95724,5.3830643,2.7428415,3.3417294
95726,4.928388,2.743258,3.3930871
95728,5.267217,2.7358835,3.3285499
95735,5.6286774,2.7483644,3.3337421
95736,4.330691,2.7542012,3.3780923
95741,3.91661,2.747718,3.3452191
95742,4.0150194,2.7583318,3.3372743
95746,4.0455766,2.7538931,3.3784652
95747,3.8910089,2.7517292,3.3770902
95757,3.836454,2.7460477,3.3373265
95758,3.8142521,2.7608,3.3441806
95759,3.8835986,2.745304,3.3404384
95762,4.1979613,2.7427258,3.3799486
95763,4.071221,2.7507687,3.337323
95765,3.9547791,2.7498183,3.3809338
95776,3.559798,2.746811,3.3431911
95798,3.720083,2.7484202,3.3473668
95799,3.6773057,2.741854,3.3416758
95811,3.743572,2.7440786,3.338871
95812,3.7495382,2.7436104,3.3432343
95813,3.7987099,2.7392151,3.3421042
95814,3.7420936,2.7460167,3.3389282
95815,3.7969463,2.752025,3.3433678
95816,3.7770205,2.7448266,3.3397145
95817,3.7654393,2.7498975,3.341297
95818,3.754269,2.7587461,3.3431532
95819,3.8065028,2.7596052,3.3431149
95820,3.7868724,2.7598045,3.3476772
95821,3.8569856,2.7489538,3.3429956
95822,3.7717159,2.7459757,3.3349016
95823,3.8132594,2.759595,3.3393655
95824,3.7940335,2.7530794,3.3374605
95825,3.8292837,2.752292,3.3369281
95826,3.870078,2.7498915,3.3417783
95827,3.9308503,2.7440202,3.3381941
95828,3.8394992,2.7571332,3.3256705
95829,3.9023438,2.7465658,3.340446
95830,3.9673743,2.7481098,3.3422134
95831,3.7485063,2.7444062,3.345602
95832,3.7891293,2.7569847,3.3437123
95833,3.7560203,2.742142,3.3478894
95834,3.7113807,2.7447438,3.3381262
95835,3.7575061,2.7477922,3.342428
95836,3.731318,2.7516017,3.3397064
95837,3.660292,2.7567523,3.3493316
95838,3.7985291,2.74788,3.344757
95840,3.772436,2.7453754,3.350155
95841,3.8735034,2.7508273,3.3346746
95842,3.8641138,2.7503982,3.336828
95843,3.8436656,2.7467282,3.3449104
95851,3.7863317,2.7519355,3.3431845
95852,3.7912667,2.7478173,3.3410268
95853,3.8005176,2.7465298,3.3441133
95860,3.838118,2.753409,3.3365593
95864,3.8636198,2.7479084,3.3359842
95865,3.8380284,2.7420058,3.3373995
95866,3.8130507,2.7448637,3.3343031
95867,3.7382953,2.7503953,3.3453588
95894,3.7549064,2.7466319,3.340387
95899,3.6888087,2.7582846,3.349824
95901,3.7955863,2.7459106,3.372503
95903,3.9270496,2.744251,3.3721209
95910,4.7401743,2.7420683,3.357033
95912,3.4538429,2.7487855,3.3644085
95913,3.8106508,2.763218,3.3546855
95914,4.0476103,2.747674,3.3559155
95915,4.7091546,2.7597961,3.3501303
95916,4.3077345,2.7440414,3.3521247
95917,3.8546417,2.7548015,3.3595405
95918,4.018753,2.7453976,3.3782349
95919,4.2334123,2.7524676,3.3585443
95920,3.7467847,2.75096,3.3606052
95922,4.4601336,2.7545466,3.3526893
95923,4.055897,2.75759,3.3556817
95924,4.324482,2.7554746,3.3787532
95925,4.316555,2.7551286,3.3547485
95926,4.057971,2.7569163,3.3516903
95927,4.0754504,2.7653663,3.3599148
95928,4.0460715,2.7684793,3.3513112
95929,4.0538793,2.7673922,3.3688262
95930,4.395293,2.7448218,3.362541
95932,3.5675411,2.7588117,3.3533945
95934,5.0234313,2.7592816,3.3518915
95935,4.2303033,2.7411962,3.3544078
95936,4.771689,2.7539213,3.363024
95937,3.4562688,2.7457335,3.3570144
95938,3.98043,2.7641659,3.3595996
95939,3.7249084,2.7592328,3.3529491
95940,4.3444123,2.7490664,3.3560665
95941,4.293337,2.7592728,3.3643813
95942,4.301544,2.7696896,3.357409
95943,3.8701253,2.7715738,3.3502157
95944,4.6833653,2.7527552,3.3524308
95945,4.3299227,2.7539911,3.3771276
95946,4.104279,2.7535715,3.3842587
95947,5.148771,2.762756,3.3508782
95948,3.801252,2.7447515,3.3542066
95949,4.19923,2.753551,3.3745716
95950,3.5245118,2.7512908,3.3657386
95951,3.9980755,2.7669299,3.3610919
95953,3.7712502,2.762493,3.3560767
95954,4.3409185,2.764251,3.3563762
95955,3.5849645,2.7477524,3.3593593
95956,4.7649245,2.74597,3.3529296
95957,3.5586178,2.7555234,3.3653872
95958,3.9256682,2.7488284,3.3594878
95959,4.4071555,2.750984,3.3747766
95960,4.2809544,2.7442975,3.385069
95961,3.743027,2.7578166,3.378674
95962,4.1673584,2.7569478,3.36359
95963,3.9267354,2.7799108,3.3463883
95965,4.079291,2.7475288,3.3604567
95966,4.057667,2.7502322,3.3521
95967,4.148147,2.7678347,3.349664
95968,3.9730244,2.7392483,3.347307
95969,4.229271,2.7560275,3.3514132
95970,3.689385,2.744338,3.3490157
95971,4.847782,2.7526236,3.3637056
95972,4.140501,2.7590091,3.3520277
95973,4.132557,2.7647336,3.3513544
95974,3.8854036,2.752999,3.3605895
95975,4.1608377,2.7444458,3.3785648
95976,4.044287,2.7683144,3.3540354
95977,3.9948704,2.7611275,3.3641636
95978,4.4092526,2.7749283,3.3559418
95979,3.5496259,2.7607772,3.3547554
95980,4.5655036,2.7667675,3.3523734
95981,4.597165,2.7488256,3.3596973
95982,3.6606698,2.756676,3.350811
95983,5.172084,2.7448196,3.3582747
95984,4.8574414,2.7556052,3.3495317
95986,4.6264863,2.7446477,3.3837345
95987,3.4757853,2.753778,3.3571675
95988,3.7463408,2.7637496,3.353727
95991,3.6940963,2.7494128,3.3651328
95992,3.6965218,2.741758,3.3674502
95993,3.671727,2.7593043,3.3722222
96001,5.164276,2.6966114,3.3613615
96002,5.141096,2.6973007,3.3582172
96003,5.303333,2.7040682,3.3581698
96006,6.306176,2.7223647,3.3804822
96007,5.026212,2.7069175,3.3523407
96008,5.53401,2.6988184,3.3648808
96009,6.192501,2.7180219,3.3735845
96010,5.6689067,2.7021115,3.3612556
96011,5.984254,2.6990283,3.3607795
96013,5.8549585,2.7069309,3.3638415
96014,6.715902,2.696493,3.3592904
96015,6.5606833,2.7286165,3.3743753
96016,5.88827,2.7131495,3.3648357
96017,6.1840544,2.7050984,3.3559375
96019,5.4189034,2.7038236,3.351069
96020,5.054152,2.7658513,3.3574464
96021,4.2204947,2.6900852,3.3476102
96022,4.840223,2.701944,3.3519588
96023,7.5856586,2.7250366,3.3628745
96024,5.3403926,2.6940997,3.3523018
96025,6.411412,2.6976056,3.358078
96027,6.845375,2.708193,3.3452744
96028,6.0646954,2.7132905,3.3584092
96029,4.1248,2.6870403,3.358495
96031,6.457493,2.7057934,3.3629854
96032,7.1287413,2.7201378,3.3502865
96033,5.441364,2.704452,3.353569
96034,6.967341,2.7150114,3.3571122
96035,4.3345385,2.691643,3.3570743
96037,7.0167165,2.7176085,3.3519776
96038,7.1648383,2.7223141,3.34491
96039,7.253556,2.7271166,3.3425784
96040,5.6468453,2.7099648,3.358915
96041,5.2363343,2.699525,3.351077
96044,7.624193,2.7270503,3.3549798
96046,5.5351505,2.7029333,3.353761
96047,4.975346,2.7073152,3.35346
96048,5.568726,2.7103846,3.3520408
96049,5.464474,2.70631,3.3502102
96050,7.5422645,2.7199523,3.3460941
96051,5.815577,2.7024407,3.3564172
96052,5.5369244,2.7118652,3.3543897
96054,6.339323,2.723972,3.3720145
96055,4.3850594,2.6862838,3.3504162
96056,6.103611,2.7185893,3.3572533
96057,6.4523478,2.7051198,3.36413
96058,7.5490417,2.7272258,3.3680627
96059,5.016005,2.6997228,3.348028
96061,4.966346,2.70266,3.351489
96062,5.198112,2.703623,3.3521764
96063,5.005415,2.7002864,3.3513327
96064,7.3560224,2.715042,3.3469303
96065,5.835828,2.7042296,3.362813
96067,6.6069655,2.700866,3.3556995
96068,6.1482763,2.7195415,3.360558
96069,5.40831,2.7109892,3.3596625
96070,5.502701,2.6988666,3.3560815
96071,5.439027,2.716466,3.3600647
96073,5.201762,2.6956952,3.3505838
96074,4.131862,2.6980293,3.3495014
96075,4.9292145,2.682997,3.3591342
96076,4.916404,2.705915,3.3612723
96078,4.4073462,2.689229,3.3564837
96079,5.4259043,2.699109,3.3533373
96080,4.547033,2.6831717,3.3488483
96084,5.6159368,2.701642,3.3547528
96085,7.3473196,2.718065,3.346917
96086,7.432465,2.7267041,3.3303432
96087,5.2711644,2.6953065,3.3523905
96088,5.1493163,2.703708,3.3614213
96089,5.3718634,2.7067637,3.3610282
96090,4.327354,2.6891353,3.357637
96091,6.100123,2.7028787,3.3487074
96092,4.211807,2.773943,3.363457
96093,5.512891,2.7016675,3.3519084
96094,6.798123,2.701018,3.3653882
96095,5.31985,2.6902099,3.3576064
96096,5.376091,2.6998837,3.353309
96097,7.3232365,2.7197843,3.3498814
96099,5.434614,2.700635,3.3525915
96101,6.407423,2.739906,3.3750792
96103,5.949734,2.7545438,3.352363
96104,6.3413734,2.7577562,3.3665638
96105,5.8427043,2.7360594,3.339004
96106,5.2505083,2.743064,3.3383307
96107,6.692396,2.7438018,3.3270752
96108,6.4440355,2.7482252,3.3912427
96109,5.975044,2.7452502,3.341165
96110,6.2881937,2.7563975,3.3716967
96111,5.9192467,2.75348,3.3384857
96112,6.394324,2.746275,3.366315
96113,5.960793,2.7535567,3.3436222
96114,5.721689,2.7332463,3.3483405
96115,6.437608,2.7502007,3.3800213
96116,6.2299128,2.741973,3.3764112
96117,5.8771915,2.750699,3.3506117
96118,5.6763563,2.757824,3.3292763
96119,6.0639224,2.728703,3.3686907
96120,6.1104136,2.7451568,3.3316076
96121,5.7437406,2.748508,3.3438632
96122,5.442477,2.739432,3.343203
96123,6.147353,2.7466083,3.3510494
96124,5.4043016,2.746975,3.3392904
96125,5.122466,2.7379818,3.3319814
96126,5.4618626,2.7521696,3.3314717
96127,5.5490384,2.743566,3.347161
96128,5.8314157,2.7408664,3.3484
96129,5.5078998,2.7457006,3.337484
96130,5.4902816,2.7455068,3.3512154
96132,6.0032096,2.7403593,3.3669817
96133,6.64641,2.7364645,3.3263102
96134,7.393865,2.731731,3.376275
96135,5.809386,2.7468488,3.336782
96136,5.9402943,2.753831,3.3475327
96137,5.1712146,2.7577012,3.341497
96140,5.7926264,2.747438,3.3315296
96141,5.582601,2.7505202,3.3234036
96142,5.666097,2.7532768,3.3353767
96143,5.888984,2.749453,3.3312533
96145,5.6447515,2.7510884,3.3304958
96146,5.573395,2.7479444,3.3249915
96148,5.8220425,2.7551892,3.3306308
96150,5.906215,2.750241,3.3350804
96151,5.831745,2.7477472,3.3310113
96152,5.8491035,2.7460546,3.3221064
96154,5.8050346,2.7470965,3.3380117
96155,5.7838645,2.7520154,3.3269873
96156,5.927141,2.7482667,3.3310626
96157,5.859128,2.754869,3.3207972
96158,5.8690104,2.7470384,3.3250136
96160,5.656067,2.7496908,3.344489
96161,5.6516075,2.7522047,3.33888
96162,5.636674,2.7517838,3.3418133
